itemCollection_WS_ammo_rocket,,,
AmmunitionBox_WS_CrippleFang_Rockets_02x_game,AmmunitionBox,3,9
AmmunitionBox_WS_CrippleFang_Rockets_04x_game,AmmunitionBox,2,7
AmmunitionBox_WS_CrippleFang_Rockets_08x_game,AmmunitionBox,2,5
AmmunitionBox_WS_CrippleFang_Rockets_13x_game,AmmunitionBox,2,4
AmmunitionBox_WS_CrippleFang_Rockets_20x_game,AmmunitionBox,2,3
AmmunitionBox_WS_Viper-2_Rockets_02x_game,AmmunitionBox,3,9
AmmunitionBox_WS_Viper-2_Rockets_04x_game,AmmunitionBox,2,7
AmmunitionBox_WS_Viper-2_Rockets_08x_game,AmmunitionBox,2,5
AmmunitionBox_WS_Viper-2_Rockets_13x_game,AmmunitionBox,2,4
AmmunitionBox_WS_Viper-2_Rockets_20x_game,AmmunitionBox,2,3
AmmunitionBox_WS_Viper-9_Rockets_02x_game,AmmunitionBox,3,9
AmmunitionBox_WS_Viper-9_Rockets_04x_game,AmmunitionBox,2,7
AmmunitionBox_WS_Viper-9_Rockets_08x_game,AmmunitionBox,2,5
AmmunitionBox_WS_Viper-9_Rockets_13x_game,AmmunitionBox,2,4
AmmunitionBox_WS_Viper-9_Rockets_20x_game,AmmunitionBox,2,3
