itemCollection_WS_upgrade_electronic,,,
Gear_Target_Tracking_Jammer_T1,Upgrade,3,9
Gear_Target_Tracking_Jammer_T2,Upgrade,2,7
Gear_Target_Tracking_Jammer_T3,Upgrade,2,5
Gear_Target_Tracking_Jammer_T4,Upgrade,1,4
Gear_Target_Tracking_Jammer_T5,Upgrade,1,3
Gear_ECM_Unit_T1,Upgrade,3,9
Gear_ECM_Unit_T2,Upgrade,2,7
Gear_ECM_Unit_T3,Upgrade,2,5
Gear_ECM_Unit_T4,Upgrade,1,4
Gear_ECM_Unit_T5,Upgrade,1,3
Gear_Sensor_Array_Package_T1,Upgrade,3,9
Gear_Sensor_Array_Package_T2,Upgrade,2,7
Gear_Sensor_Array_Package_T3,Upgrade,2,5
Gear_Sensor_Array_Package_T4,Upgrade,1,4
Gear_Sensor_Array_Package_T5,Upgrade,1,3
Gear_Stomper_DFA_Controller_T1,Upgrade,3,9
Gear_Stomper_DFA_Controller_T2,Upgrade,2,7
Gear_Stomper_DFA_Controller_T3,Upgrade,2,5
Gear_Stomper_DFA_Controller_T4,Upgrade,1,4
Gear_Stomper_DFA_Controller_T5,Upgrade,1,3
Gear_Melee_Combat_Controller_T1,Upgrade,3,9
Gear_Melee_Combat_Controller_T2,Upgrade,2,7
Gear_Melee_Combat_Controller_T3,Upgrade,2,5
Gear_Melee_Combat_Controller_T4,Upgrade,1,4
Gear_Melee_Combat_Controller_T5,Upgrade,1,3
Gear_TTS_Ballistic_T1,Upgrade,3,9
Gear_TTS_Ballistic_T2,Upgrade,2,7
Gear_TTS_Ballistic_T3,Upgrade,2,5
Gear_TTS_Ballistic_T4,Upgrade,1,4
Gear_TTS_Ballistic_T5,Upgrade,1,3
Gear_TTS_Energy_T1,Upgrade,3,9
Gear_TTS_Energy_T2,Upgrade,2,7
Gear_TTS_Energy_T3,Upgrade,2,5
Gear_TTS_Energy_T4,Upgrade,1,4
Gear_TTS_Energy_T5,Upgrade,1,3
Gear_TTS_Missle_T1,Upgrade,3,9
Gear_TTS_Missle_T2,Upgrade,2,7
Gear_TTS_Missle_T3,Upgrade,2,5
Gear_TTS_Missle_T4,Upgrade,1,4
Gear_TTS_Missle_T5,Upgrade,1,3
Gear_TTS_Support_T1,Upgrade,3,9
Gear_TTS_Support_T2,Upgrade,2,7
Gear_TTS_Support_T3,Upgrade,2,5
Gear_TTS_Support_T4,Upgrade,1,4
Gear_TTS_Support_T5,Upgrade,1,3
Gear_TTS_Omni_T1,Upgrade,3,9
Gear_TTS_Omni_T2,Upgrade,2,7
Gear_TTS_Omni_T3,Upgrade,2,5
Gear_TTS_Omni_T4,Upgrade,1,4
Gear_TTS_Omni_T5,Upgrade,1,3
