itemCollection_WS_upgrade_mechanical,,,
Gear_JumpJet_Spinfang_Elite_Light,JumpJet,5,9
Gear_JumpJet_Spinfang_Elite_Medium,JumpJet,5,9
Gear_JumpJet_Spinfang_Elite_Heavy,JumpJet,5,9
Gear_JumpJet_Spinfang_Elite_Assault,JumpJet,5,9
Gear_JumpJet_Spinfang_Elite_Ultra,JumpJet,5,9
Gear_Coolant_Plant_t1_0,HeatSink,5,9
Gear_Coolant_Plant_t2_0,HeatSink,5,7
Gear_Coolant_Plant_t3_0,HeatSink,4,6
Gear_Coolant_Plant_t4_0,HeatSink,4,4
Gear_Coolant_Plant_t5_0,HeatSink,3,3
Gear_Engine_Upgrade_A_Basic_T1,Upgrade,3,9
Gear_Engine_Upgrade_A_Basic_T2,Upgrade,2,7
Gear_Engine_Upgrade_A_Basic_T3,Upgrade,2,5
Gear_Engine_Upgrade_A_Basic_T4,Upgrade,1,4
Gear_Engine_Upgrade_A_Basic_T5,Upgrade,1,3
Gear_Engine_Upgrade_B_Enhanced_T1,Upgrade,3,9
Gear_Engine_Upgrade_B_Enhanced_T2,Upgrade,2,7
Gear_Engine_Upgrade_B_Enhanced_T3,Upgrade,2,5
Gear_Engine_Upgrade_B_Enhanced_T4,Upgrade,1,4
Gear_Engine_Upgrade_B_Enhanced_T5,Upgrade,1,3
Gear_Engine_Upgrade_C_Racer_T1,Upgrade,3,9
Gear_Engine_Upgrade_C_Racer_T2,Upgrade,2,7
Gear_Engine_Upgrade_C_Racer_T3,Upgrade,2,5
Gear_Engine_Upgrade_C_Racer_T4,Upgrade,1,4
Gear_Engine_Upgrade_C_Racer_T5,Upgrade,1,3
Gear_Engine_Upgrade_D_Ultra_T1,Upgrade,3,9
Gear_Engine_Upgrade_D_Ultra_T2,Upgrade,2,7
Gear_Engine_Upgrade_D_Ultra_T3,Upgrade,2,5
Gear_Engine_Upgrade_D_Ultra_T4,Upgrade,1,4
Gear_Engine_Upgrade_D_Ultra_T5,Upgrade,1,3
Gear_JJ_Upgrade_A_Basic_T1,Upgrade,3,9
Gear_JJ_Upgrade_A_Basic_T2,Upgrade,2,7
Gear_JJ_Upgrade_A_Basic_T3,Upgrade,2,5
Gear_JJ_Upgrade_A_Basic_T4,Upgrade,1,4
Gear_JJ_Upgrade_A_Basic_T5,Upgrade,1,3
Gear_JJ_Upgrade_B_Turbo_T1,Upgrade,3,9
Gear_JJ_Upgrade_B_Turbo_T2,Upgrade,2,7
Gear_JJ_Upgrade_B_Turbo_T3,Upgrade,2,5
Gear_JJ_Upgrade_B_Turbo_T4,Upgrade,1,4
Gear_JJ_Upgrade_B_Turbo_T5,Upgrade,1,3
Gear_Force_Field_T01,Upgrade,5,9
Gear_Force_Field_T02,Upgrade,4,8
Gear_Force_Field_T03,Upgrade,4,8
Gear_Force_Field_T04,Upgrade,3,7
Gear_Force_Field_T05,Upgrade,3,6
Gear_Force_Field_T06,Upgrade,2,5
Gear_Force_Field_T07,Upgrade,2,4
Gear_Force_Field_T08,Upgrade,2,4
Gear_Force_Field_T09,Upgrade,1,3
Gear_Force_Field_T10,Upgrade,1,2
Gear_Cockpit_Armor_T1,Upgrade,3,9
Gear_Cockpit_Armor_T2,Upgrade,2,7
Gear_Cockpit_Armor_T3,Upgrade,2,5
Gear_Cockpit_Armor_T4,Upgrade,1,4
Gear_Cockpit_Armor_T5,Upgrade,1,3
Gear_Range_Upgrade_Ballistic_T1,Upgrade,3,9
Gear_Range_Upgrade_Ballistic_T2,Upgrade,2,7
Gear_Range_Upgrade_Ballistic_T3,Upgrade,2,5
Gear_Range_Upgrade_Ballistic_T4,Upgrade,1,4
Gear_Range_Upgrade_Ballistic_T5,Upgrade,1,3
Gear_Range_Upgrade_Energy_T1,Upgrade,3,9
Gear_Range_Upgrade_Energy_T2,Upgrade,2,7
Gear_Range_Upgrade_Energy_T3,Upgrade,2,5
Gear_Range_Upgrade_Energy_T4,Upgrade,1,4
Gear_Range_Upgrade_Energy_T5,Upgrade,1,3
Gear_Range_Upgrade_Missle_T1,Upgrade,3,9
Gear_Range_Upgrade_Missle_T2,Upgrade,2,7
Gear_Range_Upgrade_Missle_T3,Upgrade,2,5
Gear_Range_Upgrade_Missle_T4,Upgrade,1,4
Gear_Range_Upgrade_Missle_T5,Upgrade,1,3
Gear_Range_Upgrade_Support_T1,Upgrade,3,9
Gear_Range_Upgrade_Support_T2,Upgrade,2,7
Gear_Range_Upgrade_Support_T3,Upgrade,2,5
Gear_Range_Upgrade_Support_T4,Upgrade,1,4
Gear_Range_Upgrade_Support_T5,Upgrade,1,3
Gear_Range_Upgrade_Omni_T1,Upgrade,3,9
Gear_Range_Upgrade_Omni_T2,Upgrade,2,7
Gear_Range_Upgrade_Omni_T3,Upgrade,2,5
Gear_Range_Upgrade_Omni_T4,Upgrade,1,4
Gear_Range_Upgrade_Omni_T5,Upgrade,1,3
Gear_Damage_Upgrade_Ballistic_T1,Upgrade,3,9
Gear_Damage_Upgrade_Ballistic_T2,Upgrade,2,7
Gear_Damage_Upgrade_Ballistic_T3,Upgrade,2,5
Gear_Damage_Upgrade_Ballistic_T4,Upgrade,1,4
Gear_Damage_Upgrade_Ballistic_T5,Upgrade,1,3
Gear_Damage_Upgrade_Energy_T1,Upgrade,3,9
Gear_Damage_Upgrade_Energy_T2,Upgrade,2,7
Gear_Damage_Upgrade_Energy_T3,Upgrade,2,5
Gear_Damage_Upgrade_Energy_T4,Upgrade,1,4
Gear_Damage_Upgrade_Energy_T5,Upgrade,1,3
Gear_Damage_Upgrade_Missle_T1,Upgrade,3,9
Gear_Damage_Upgrade_Missle_T2,Upgrade,2,7
Gear_Damage_Upgrade_Missle_T3,Upgrade,2,5
Gear_Damage_Upgrade_Missle_T4,Upgrade,1,4
Gear_Damage_Upgrade_Missle_T5,Upgrade,1,3
Gear_Damage_Upgrade_Support_T1,Upgrade,3,9
Gear_Damage_Upgrade_Support_T2,Upgrade,2,7
Gear_Damage_Upgrade_Support_T3,Upgrade,2,5
Gear_Damage_Upgrade_Support_T4,Upgrade,1,4
Gear_Damage_Upgrade_Support_T5,Upgrade,1,3
Gear_Damage_Upgrade_Omni_T1,Upgrade,3,9
Gear_Damage_Upgrade_Omni_T2,Upgrade,2,7
Gear_Damage_Upgrade_Omni_T3,Upgrade,2,5
Gear_Damage_Upgrade_Omni_T4,Upgrade,1,4
Gear_Damage_Upgrade_Omni_T5,Upgrade,1,3
