itemCollection_WS_weapon_ballistic,,,
Weapon_Predator_AC_A-Lgt_1x_T1,Weapon,3,9
Weapon_Predator_AC_A-Lgt_1x_T2,Weapon,2,7
Weapon_Predator_AC_A-Lgt_1x_T3,Weapon,1,5
Weapon_Predator_AC_B-Med_1x_T1,Weapon,3,9
Weapon_Predator_AC_B-Med_1x_T2,Weapon,2,7
Weapon_Predator_AC_B-Med_1x_T3,Weapon,1,5
Weapon_Predator_AC_C-Hvy_1x_T1,Weapon,3,9
Weapon_Predator_AC_C-Hvy_1x_T2,Weapon,2,7
Weapon_Predator_AC_C-Hvy_1x_T3,Weapon,1,5
Weapon_Predator_AC_D-Snp_1x_T1,Weapon,3,9
Weapon_Predator_AC_D-Snp_1x_T2,Weapon,2,7
Weapon_Predator_AC_D-Snp_1x_T3,Weapon,1,5
Weapon_Predator_AC_E-Lgt_3x_T1,Weapon,1,6
Weapon_Predator_AC_E-Lgt_3x_T2,Weapon,1,5
Weapon_Predator_AC_E-Lgt_3x_T3,Weapon,1,4
Weapon_Predator_AC_F-Med_3x_T1,Weapon,1,6
Weapon_Predator_AC_F-Med_3x_T2,Weapon,1,5
Weapon_Predator_AC_F-Med_3x_T3,Weapon,1,4
Weapon_Predator_AC_G-Hvy_3x_T1,Weapon,1,6
Weapon_Predator_AC_G-Hvy_3x_T2,Weapon,1,5
Weapon_Predator_AC_G-Hvy_3x_T3,Weapon,1,4
Weapon_Predator_AC_H-Snp_3x_T1,Weapon,1,6
Weapon_Predator_AC_H-Snp_3x_T2,Weapon,1,5
Weapon_Predator_AC_H-Snp_3x_T3,Weapon,1,4
Weapon_Ion_Magi-AC_A-Light_1x_T1,Weapon,3,9
Weapon_Ion_Magi-AC_A-Light_1x_T2,Weapon,2,7
Weapon_Ion_Magi-AC_A-Light_1x_T3,Weapon,1,5
Weapon_Ion_Magi-AC_B-Heavy_1x_T1,Weapon,3,9
Weapon_Ion_Magi-AC_B-Heavy_1x_T2,Weapon,2,7
Weapon_Ion_Magi-AC_B-Heavy_1x_T3,Weapon,1,5
Weapon_Ion_Magi-AC_C-Light_3x_T1,Weapon,1,6
Weapon_Ion_Magi-AC_C-Light_3x_T2,Weapon,1,5
Weapon_Ion_Magi-AC_C-Light_3x_T3,Weapon,1,4
Weapon_Ion_Magi-AC_D-Heavy_3x_T1,Weapon,1,6
Weapon_Ion_Magi-AC_D-Heavy_3x_T2,Weapon,1,5
Weapon_Ion_Magi-AC_D-Heavy_3x_T3,Weapon,1,4
Weapon_Enforcer_UK-MG_T1,Weapon,3,9
Weapon_Enforcer_UK-MG_T2,Weapon,2,7
Weapon_Enforcer_UK-MG_T3,Weapon,1,5
