itemCollection_WS_ammo_ballistic,,,
AmmunitionBox_WS_UK-MG_Ammo_02x_game,AmmunitionBox,6,9
AmmunitionBox_WS_UK-MG_Ammo_04x_game,AmmunitionBox,5,7
AmmunitionBox_WS_UK-MG_Ammo_09x_game,AmmunitionBox,4,6
AmmunitionBox_WS_UK-MG_Ammo_16x_game,AmmunitionBox,3,4
AmmunitionBox_WS_UK-MG_Ammo_25x_game,AmmunitionBox,2,3
AmmunitionBox_WS_Predator_AC_A-Light_Ammo_01x_game,AmmunitionBox,3,9
AmmunitionBox_WS_Predator_AC_A-Light_Ammo_02x_game,AmmunitionBox,2,7
AmmunitionBox_WS_Predator_AC_A-Light_Ammo_04x_game,AmmunitionBox,2,5
AmmunitionBox_WS_Predator_AC_A-Light_Ammo_07x_game,AmmunitionBox,2,4
AmmunitionBox_WS_Predator_AC_A-Light_Ammo_10x_game,AmmunitionBox,2,3
AmmunitionBox_WS_Predator_AC_B-Medium_Ammo_01x_game,AmmunitionBox,3,9
AmmunitionBox_WS_Predator_AC_B-Medium_Ammo_02x_game,AmmunitionBox,2,7
AmmunitionBox_WS_Predator_AC_B-Medium_Ammo_04x_game,AmmunitionBox,2,5
AmmunitionBox_WS_Predator_AC_B-Medium_Ammo_07x_game,AmmunitionBox,2,4
AmmunitionBox_WS_Predator_AC_B-Medium_Ammo_10x_game,AmmunitionBox,2,3
AmmunitionBox_WS_Predator_AC_C-Heavy_Ammo_01x_game,AmmunitionBox,3,9
AmmunitionBox_WS_Predator_AC_C-Heavy_Ammo_02x_game,AmmunitionBox,2,7
AmmunitionBox_WS_Predator_AC_C-Heavy_Ammo_04x_game,AmmunitionBox,2,5
AmmunitionBox_WS_Predator_AC_C-Heavy_Ammo_07x_game,AmmunitionBox,2,4
AmmunitionBox_WS_Predator_AC_C-Heavy_Ammo_10x_game,AmmunitionBox,2,3
AmmunitionBox_WS_Predator_AC_D-Sniper_Ammo_01x_game,AmmunitionBox,3,9
AmmunitionBox_WS_Predator_AC_D-Sniper_Ammo_02x_game,AmmunitionBox,2,7
AmmunitionBox_WS_Predator_AC_D-Sniper_Ammo_04x_game,AmmunitionBox,2,5
AmmunitionBox_WS_Predator_AC_D-Sniper_Ammo_07x_game,AmmunitionBox,2,4
AmmunitionBox_WS_Predator_AC_D-Sniper_Ammo_10x_game,AmmunitionBox,2,3
AmmunitionBox_WS_Defender_AC_Ammo_05x_game,AmmunitionBox,6,9
AmmunitionBox_WS_Defender_AC_Ammo_10x_game,AmmunitionBox,5,7
AmmunitionBox_WS_Defender_AC_Ammo_20x_game,AmmunitionBox,4,6
AmmunitionBox_WS_Defender_AC_Ammo_33x_game,AmmunitionBox,3,4
AmmunitionBox_WS_Defender_AC_Ammo_50x_game,AmmunitionBox,2,3
