itemCollection_WS_weapon_energy_non-laser,,,
Weapon_Breaker_Cannon_A-Light_T1,Weapon,3,9
Weapon_Breaker_Cannon_A-Light_T2,Weapon,2,7
Weapon_Breaker_Cannon_A-Light_T3,Weapon,2,5
Weapon_Breaker_Cannon_B-Medium_T1,Weapon,3,9
Weapon_Breaker_Cannon_B-Medium_T2,Weapon,2,7
Weapon_Breaker_Cannon_B-Medium_T3,Weapon,2,5
Weapon_Breaker_Cannon_C-Heavy_T1,Weapon,3,9
Weapon_Breaker_Cannon_C-Heavy_T2,Weapon,2,7
Weapon_Breaker_Cannon_C-Heavy_T3,Weapon,2,5
Weapon_Magi-Nerf_Cannon_T1,Weapon,3,9
Weapon_Magi-Nerf_Cannon_T2,Weapon,2,7
Weapon_Magi-Nerf_Cannon_T3,Weapon,2,5
Weapon_Plasma_Ball_Cannon_T1,Weapon,3,9
Weapon_Plasma_Ball_Cannon_T2,Weapon,2,7
Weapon_Plasma_Ball_Cannon_T3,Weapon,2,5
