itemCollection_WS_weapon_energy_laser_rare,,,
Weapon_Magi-Laser_A-Light_1x_T1,Weapon,3,9
Weapon_Magi-Laser_A-Light_1x_T2,Weapon,2,7
Weapon_Magi-Laser_A-Light_1x_T3,Weapon,2,5
Weapon_Magi-Laser_B-Medium_1x_T1,Weapon,3,9
Weapon_Magi-Laser_B-Medium_1x_T2,Weapon,2,7
Weapon_Magi-Laser_B-Medium_1x_T3,Weapon,2,5
Weapon_Magi-Laser_C-Heavy_1x_T1,Weapon,3,9
Weapon_Magi-Laser_C-Heavy_1x_T2,Weapon,2,7
Weapon_Magi-Laser_C-Heavy_1x_T3,Weapon,2,5
Weapon_Magi-Laser_D-Light_3x_T1,Weapon,1,6
Weapon_Magi-Laser_D-Light_3x_T2,Weapon,1,5
Weapon_Magi-Laser_D-Light_3x_T3,Weapon,1,4
Weapon_Magi-Laser_E-Medium_3x_T1,Weapon,1,6
Weapon_Magi-Laser_E-Medium_3x_T2,Weapon,1,5
Weapon_Magi-Laser_E-Medium_3x_T3,Weapon,1,4
Weapon_Magi-Laser_F-Heavy_3x_T1,Weapon,1,6
Weapon_Magi-Laser_F-Heavy_3x_T2,Weapon,1,5
Weapon_Magi-Laser_F-Heavy_3x_T3,Weapon,1,4
Weapon_Holdout_Support_Laser_T1,Weapon,3,9
Weapon_Holdout_Support_Laser_T2,Weapon,2,7
Weapon_Holdout_Support_Laser_T3,Weapon,2,5
