itemCollection_WS_weapon_rocket,,,
Weapon_Cripplefang_RL_T1_L1,Weapon,3,9
Weapon_Cripplefang_RL_T2_L1,Weapon,2,7
Weapon_Cripplefang_RL_T3_L1,Weapon,2,5
Weapon_Cripplefang_RL_T1_L2,Weapon,3,9
Weapon_Cripplefang_RL_T2_L2,Weapon,2,7
Weapon_Cripplefang_RL_T3_L2,Weapon,2,5
Weapon_Cripplefang_RL_T1_L3,Weapon,3,9
Weapon_Cripplefang_RL_T2_L3,Weapon,2,7
Weapon_Cripplefang_RL_T3_L3,Weapon,2,5
Weapon_Cripplefang_RL_T1_L4,Weapon,3,9
Weapon_Cripplefang_RL_T2_L4,Weapon,2,7
Weapon_Cripplefang_RL_T3_L4,Weapon,2,5
Weapon_Viper-2_RL_T1_L1,Weapon,3,9
Weapon_Viper-2_RL_T2_L1,Weapon,2,7
Weapon_Viper-2_RL_T3_L1,Weapon,2,5
Weapon_Viper-2_RL_T1_L2,Weapon,3,9
Weapon_Viper-2_RL_T2_L2,Weapon,2,7
Weapon_Viper-2_RL_T3_L2,Weapon,2,5
Weapon_Viper-2_RL_T1_L3,Weapon,3,9
Weapon_Viper-2_RL_T2_L3,Weapon,2,7
Weapon_Viper-2_RL_T3_L3,Weapon,2,5
Weapon_Viper-2_RL_T1_L4,Weapon,3,9
Weapon_Viper-2_RL_T2_L4,Weapon,2,7
Weapon_Viper-2_RL_T3_L4,Weapon,2,5
Weapon_Viper-9_RL_T1_L1,Weapon,3,9
Weapon_Viper-9_RL_T2_L1,Weapon,2,7
Weapon_Viper-9_RL_T3_L1,Weapon,2,5
Weapon_Viper-9_RL_T1_L2,Weapon,3,9
Weapon_Viper-9_RL_T2_L2,Weapon,2,7
Weapon_Viper-9_RL_T3_L2,Weapon,2,5
Weapon_Viper-9_RL_T1_L3,Weapon,3,9
Weapon_Viper-9_RL_T2_L3,Weapon,2,7
Weapon_Viper-9_RL_T3_L3,Weapon,2,5
Weapon_Viper-9_RL_T1_L4,Weapon,3,9
Weapon_Viper-9_RL_T2_L4,Weapon,2,7
Weapon_Viper-9_RL_T3_L4,Weapon,2,5
