itemCollection_WS_weapon_rocket_rare,,,
Weapon_Cripplefang_RL_T4_L1,Weapon,2,4
Weapon_Cripplefang_RL_T5_L1,Weapon,2,2
Weapon_Cripplefang_RL_T4_L2,Weapon,2,4
Weapon_Cripplefang_RL_T5_L2,Weapon,2,2
Weapon_Cripplefang_RL_T4_L3,Weapon,2,4
Weapon_Cripplefang_RL_T5_L3,Weapon,2,2
Weapon_Cripplefang_RL_T4_L4,Weapon,2,4
Weapon_Cripplefang_RL_T5_L4,Weapon,2,2
Weapon_Viper-2_RL_T4_L1,Weapon,2,4
Weapon_Viper-2_RL_T5_L1,Weapon,2,2
Weapon_Viper-2_RL_T4_L2,Weapon,2,4
Weapon_Viper-2_RL_T5_L2,Weapon,2,2
Weapon_Viper-2_RL_T4_L3,Weapon,2,4
Weapon_Viper-2_RL_T5_L3,Weapon,2,2
Weapon_Viper-2_RL_T4_L4,Weapon,2,4
Weapon_Viper-2_RL_T5_L4,Weapon,2,2
Weapon_Viper-9_RL_T4_L1,Weapon,2,4
Weapon_Viper-9_RL_T5_L1,Weapon,2,2
Weapon_Viper-9_RL_T4_L2,Weapon,2,4
Weapon_Viper-9_RL_T5_L2,Weapon,2,2
Weapon_Viper-9_RL_T4_L3,Weapon,2,4
Weapon_Viper-9_RL_T5_L3,Weapon,2,2
Weapon_Viper-9_RL_T4_L4,Weapon,2,4
Weapon_Viper-9_RL_T5_L4,Weapon,2,2
