Name,Type,Level,Tonnage,Drain,Equip Slots,Cost,GUI Feature A,GUI Feature B,Specials Codes,Icon Code,Capacity,Shots Per Attack,Ammo ID,Can Explode,Manf. Code,Model Name,Item Collection
,,,,,,,,,,,,,,,,,
UK-MG Ammo,,,,,,,,,,,,,,,,,
Description:,````Ammo Bins contain the rounds needed for projectile-based weaponry` with at least one bin required per weapon type.  Most Ammo Bins will explode and destroy their installed location when they receive a Critical Hit` however Ultra-Kinetic Machine Gun ammunition is made up of solid high-tech metal alloy metals engineered to have a custom-structured atomic structure` thanks to an open-standard technology developed and by Westonmach.  This solid alloy material makes up all of the rounds` and there is no casing` gunpowder` or chemical components` explosive or otherwise.  As such` there isn't any part of the ammunition to explode or burn if the ammunition or it's storage container gets damaged or even set on fire in combat` so no explosion will occur from a critical hit.\n\n````Ultra-Kinetic Machine Gun Ammo Bins may feed multiple weapons` which do not have to be installed in the same location` thanks to a battlemech's internal mechanisms which feed and transfer ammunition around inside of a battlemech's parts` like any other ammunition bins.\n\n````Westonmach ammuntion bins use magical extradimensional technology to fit their ammunition into a space smaller than the total cubic area of all of the ammunition itself.  In battlemechs` this comes at the cost of weakened total armor for the battlemech` because of the magistics that apply` however the smallest capacity ammunition box of it's type usually does not incur any such tradeoff.  Also` larger capacity ammunition bins will impair the battlemech's cooling capabilities` resulting in a small to moderate reduction in the overheating threshold and also the maximum amount of heat the battlemech can take.,,,,,,,,,,,,,,,,
,Type,Level,Tons,Drain,Slots,Cost,GUI Feature A,GUI Feature B,Specials Codes (Code`Value`Duration`Stack),Icon Code,Cap,Shots / Attack,Ammo ID,Can Explode,Manf Code,Model Name,Item Collection
,,,,,,,,,,,,,,,,,
UK-MG Ammo 02x,1,2,0.0000,0 0 0.00000,1,2000,30 Cartridges,10 Attacks,,ammoBox_Support,30,3,Ammunition_MG_UltraK,FALSE,GN,Ultra-Kinetic MG Ammunition,ammo_ballistic`6`9
UK-MG Ammo 04x,2,4,0.0000,1 0 0.00063,1,2609,60 Cartridges,20 Attacks,,ammoBox_Support,60,3,Ammunition_MG_UltraK,FALSE,GN,Ultra-Kinetic MG Ammunition,ammo_ballistic`5`7
UK-MG Ammo 09x,3,9,0.0000,3 0 0.00177,1,3879,135 Cartridges,45 Attacks,,ammoBox_Support,135,3,Ammunition_MG_UltraK,FALSE,GN,Ultra-Kinetic MG Ammunition,ammo_ballistic`4`6
UK-MG Ammo 16x,4,16,0.0000,7 0 0.00325,1,5632,240 Cartridges,80 Attacks,,ammoBox_Support,240,3,Ammunition_MG_UltraK,FALSE,GN,Ultra-Kinetic MG Ammunition,ammo_ballistic`3`4
UK-MG Ammo 25x,5,25,0.0000,12 0 0.00500,1,7797,375 Cartridges,125 Attacks,,ammoBox_Support,375,3,Ammunition_MG_UltraK,FALSE,GN,Ultra-Kinetic MG Ammunition,ammo_ballistic`2`3
,,,,,,,,,,,,,,,,,
,,,,,,,,,,,,,,,,,
,,,,,,,,,,,,,,,,,
"Rocket, Deathfire",,,,,,,,,,,,,,,,,
Description:,````Ammo Bins contain the rounds needed for projectile-based weaponry` with at least one bin required per weapon type.  Most Ammo Bins will explode and destroy their installed location when they receive a Critical Hit.  CrippleFang Rocket Ammunition Bins may feed multiple weapons` which do not have to be installed in the same location as each other or the ammunition bin` thanks to a battlemech's internal mechanisms that transfer ammunition around inside arms` legs` torso parts` etc.\n\n````CrippleFang rockets are a bit bigger than SRM and LRM missles` and their launchers of higher levels can take up more space than typical LRM and SRM launchers.  CrippleFang rockets use magical technology in that the rockets will have characteristics determined by the launching units` such as damage dealt` maximum range` etc.` that will vary depending on the launcher’s type and level.\n\n    Westonmach ammuntion bins use magical extradimensional technology to fit their ammunition into a space smaller than the total cubic area of all of the ammunition itself.  In Battlemechs` this comes at the cost of weakened total armor for the battlemech` because of the magistics that apply` however the smallest capacity ammunition box of it’s type usually does not incur any such tradeoff.  Also` larger capacity ammunition bins will impair the battlemech’s cooling capabilities` resulting in a small to moderate reduction in the overheating threshold and also the maximum amount of heat the battlemech can take.,,,,,,,,,,,,,,,,
,Type,Level,Tons,Drain,Slots,Cost,GUI Feature A,GUI Feature B,Specials Codes (Code`Value`Duration`Stack),Icon Code,Cap,Shots / Attack,Ammo ID,Can Explode,Manf Code,Model Name,Item Collection
,,,,,,,,,,,,,,,,,
CrippleFang Rockets 02x,1,2,0.0000,0 0 0.00000,1,8000,50 Rockets,,,ammoBox_Missile,50,1,Ammunition_RL_CrippleFang,TRUE,GN,CrippleFang Rocket Ammunition,ammo_rocket`3`9
CrippleFang Rockets 04x,2,4,0.0000,1 1 0.00313,1,14373,100 Rockets,,,ammoBox_Missile,100,1,Ammunition_RL_CrippleFang,TRUE,GN,CrippleFang Rocket Ammunition,ammo_rocket`2`7
CrippleFang Rockets 08x,3,8,0.0000,4 3 0.00884,1,27656,200 Rockets,,,ammoBox_Missile,200,1,Ammunition_RL_CrippleFang,TRUE,GN,CrippleFang Rocket Ammunition,ammo_rocket`2`5
CrippleFang Rockets 13x,4,13,0.0000,9 6 0.01624,1,45988,325 Rockets,,,ammoBox_Missile,325,1,Ammunition_RL_CrippleFang,TRUE,GN,CrippleFang Rocket Ammunition,ammo_rocket`2`4
CrippleFang Rockets 20x,5,20,0.0000,16 10 0.02500,1,68627,500 Rockets,,,ammoBox_Missile,500,1,Ammunition_RL_CrippleFang,TRUE,GN,CrippleFang Rocket Ammunition,ammo_rocket`2`3
,,,,,,,,,,,,,,,,,
,,,,,,,,,,,,,,,,,
,,,,,,,,,,,,,,,,,
"Rocket, Viper Two",,,,,,,,,,,,,,,,,
Description:,````Ammo Bins contain the rounds needed for projectile-based weaponry` with at least one bin required per weapon type.  Most Ammo Bins will explode and destroy their installed location when they receive a Critical Hit.  Viper-2 Rocket Ammunition Bins may feed multiple weapons` which do not have to be installed in the same location as each other or the ammunition bin` thanks to a battlemech's internal mechanisms that transfer ammunition around inside arms` legs` torso parts` etc.\n\n````Viper-2 rockets are a bit bigger than SRM and LRM missles` and their launchers of higher levels can take up more space than typical LRM and SRM launchers.  Viper-2 rockets use magical technology in that the rockets will have characteristics determined by the launching units` such as damage dealt` maximum range` etc.` that will vary depending on the launcher’s type and level.\n\n    Westonmach ammuntion bins use magical extradimensional technology to fit their ammunition into a space smaller than the total cubic area of all of the ammunition itself.  In Battlemechs` this comes at the cost of weakened total armor for the battlemech` because of the magistics that apply` however the smallest capacity ammunition box of it’s type usually does not incur any such tradeoff.  Also` larger capacity ammunition bins will impair the battlemech’s cooling capabilities` resulting in a small to moderate reduction in the overheating threshold and also the maximum amount of heat the battlemech can take.,,,,,,,,,,,,,,,,
,Type,Level,Tons,Drain,Slots,Cost,GUI Feature A,GUI Feature B,Specials Codes (Code`Value`Duration`Stack),Icon Code,Cap,Shots / Attack,Ammo ID,Can Explode,Manf Code,Model Name,Item Collection
,,,,,,,,,,,,,,,,,
Viper-2 Rockets 02x,1,2,0.0000,0 0 0.00000,1,8000,50 Rockets,,,ammoBox_Missile,50,1,Ammunition_RL_Viper2,TRUE,GN,Viper-2 Rocket Ammunition,ammo_rocket`3`9
Viper-2 Rockets 04x,2,4,0.0000,1 1 0.00313,1,14373,100 Rockets,,,ammoBox_Missile,100,1,Ammunition_RL_Viper2,TRUE,GN,Viper-2 Rocket Ammunition,ammo_rocket`2`7
Viper-2 Rockets 08x,3,8,0.0000,4 3 0.00884,1,27656,200 Rockets,,,ammoBox_Missile,200,1,Ammunition_RL_Viper2,TRUE,GN,Viper-2 Rocket Ammunition,ammo_rocket`2`5
Viper-2 Rockets 13x,4,13,0.0000,9 6 0.01624,1,45988,325 Rockets,,,ammoBox_Missile,325,1,Ammunition_RL_Viper2,TRUE,GN,Viper-2 Rocket Ammunition,ammo_rocket`2`4
Viper-2 Rockets 20x,5,20,0.0000,16 10 0.02500,1,68627,500 Rockets,,,ammoBox_Missile,500,1,Ammunition_RL_Viper2,TRUE,GN,Viper-2 Rocket Ammunition,ammo_rocket`2`3
,,,,,,,,,,,,,,,,,
,,,,,,,,,,,,,,,,,
,,,,,,,,,,,,,,,,,
"Rocket, Viper Nine",,,,,,,,,,,,,,,,,
Description:,````Ammo Bins contain the rounds needed for projectile-based weaponry` with at least one bin required per weapon type.  Most Ammo Bins will explode and destroy their installed location when they receive a Critical Hit.  Viper-9 Rocket Ammunition Bins may feed multiple weapons` which do not have to be installed in the same location as each other or the ammunition bin` thanks to a battlemech's internal mechanisms that transfer ammunition around inside arms` legs` torso parts` etc.\n\n````Viper-9 rockets are a bit smaller than SRM and LRM missles` and their launchers of higher levels can take up less space than typical LRM and SRM launchers.  Viper-9 rockets use magical technology in that the rockets will have characteristics determined by the launching units` such as damage dealt` maximum range` etc.` that will vary depending on the launcher’s type and level.\n\n    Westonmach ammuntion bins use magical extradimensional technology to fit their ammunition into a space smaller than the total cubic area of all of the ammunition itself.  In Battlemechs` this comes at the cost of weakened total armor for the battlemech` because of the magistics that apply` however the smallest capacity ammunition box of it’s type usually does not incur any such tradeoff.  Also` larger capacity ammunition bins will impair the battlemech’s cooling capabilities` resulting in a small to moderate reduction in the overheating threshold and also the maximum amount of heat the battlemech can take.,,,,,,,,,,,,,,,,
,Type,Level,Tons,Drain,Slots,Cost,GUI Feature A,GUI Feature B,Specials Codes (Code`Value`Duration`Stack),Icon Code,Cap,Shots / Attack,Ammo ID,Can Explode,Manf Code,Model Name,Item Collection
,,,,,,,,,,,,,,,,,
Viper-9 Rockets 02x,1,2,0.0000,0 0 0.00000,1,8000,100 Rockets,,,ammoBox_Missile,100,1,Ammunition_RL_Viper9,TRUE,GN,Viper-9 Rocket Ammunition,ammo_rocket`3`9
Viper-9 Rockets 04x,2,4,0.0000,1 1 0.00313,1,14373,200 Rockets,,,ammoBox_Missile,200,1,Ammunition_RL_Viper9,TRUE,GN,Viper-9 Rocket Ammunition,ammo_rocket`2`7
Viper-9 Rockets 08x,3,8,0.0000,4 3 0.00884,1,27656,400 Rockets,,,ammoBox_Missile,400,1,Ammunition_RL_Viper9,TRUE,GN,Viper-9 Rocket Ammunition,ammo_rocket`2`5
Viper-9 Rockets 13x,4,13,0.0000,9 6 0.01624,1,45988,650 Rockets,,,ammoBox_Missile,650,1,Ammunition_RL_Viper9,TRUE,GN,Viper-9 Rocket Ammunition,ammo_rocket`2`4
Viper-9 Rockets 20x,5,20,0.0000,16 10 0.02500,1,68627,1000 Rockets,,,ammoBox_Missile,1000,1,Ammunition_RL_Viper9,TRUE,GN,Viper-9 Rocket Ammunition,ammo_rocket`2`3
,,,,,,,,,,,,,,,,,
,,,,,,,,,,,,,,,,,
,,,,,,,,,,,,,,,,,
Reaper Auto Cannon Ammo,,,,,,,,,,,,,,,,,
Description:,````Ammo Bins contain the rounds needed for projectile-based weaponry` with at least one bin required per weapon type.  Most Ammo Bins will explode and destroy their installed location when they receive a Critical Hit` including Predator Auto Cannon ammunition` which have warheads that can be made to explode under certain conditions.  Aside from the warhead` a Predator Auto Cannon round is made up of solid high-tech metal alloy metals engineered to have a custom-structured atomic structure` thanks to an open-standard technology developed and by Westonmach.  The rounds do not leave any shell or casing behind after firing` and do not use gunpowder or out-dated archaic technology to propel the round through and out of the barrel` but use alternative technology.\n\n````Predator Auto Cannon Ammo Bins may feed multiple weapons` which do not have to be installed in the same location` thanks to a battlemech's internal mechanisms which feed and transfer ammunition around inside of a battlemech's parts` like any other ammunition bins.\n\n    Westonmach weapon ammuntion bins use magical extradimensional technology to fit their ammunition into a space smaller than the total cubic area of all of the ammunition itself.  In Battlemechs` this comes at the cost of weakened total armor for the battlemech` because of the magistics that apply` however the smallest capacity ammunition box of it’s type usually does not incur any such tradeoff.  Also` larger capacity ammunition bins will impair the battlemech’s cooling capabilities` resulting in a small to moderate reduction in the overheating threshold and also the maximum amount of heat the battlemech can take.,,,,,,,,,,,,,,,,
,Type,Level,Tons,Drain,Slots,Cost,GUI Feature A,GUI Feature B,Specials Codes (Code`Value`Duration`Stack),Icon Code,Cap,Shots / Attack,Ammo ID,Can Explode,Manf Code,Model Name,Item Collection
,,,,,,,,,,,,,,,,,
Predator AC A-Light Ammo 01x,1,1,0.0000,0 0 0.00000,1,2000,40 Rounds,40 Attacks,,ammoBox_Ballistic,40,1,Ammunition_AC_Predator_Lgt,TRUE,GN,Predator AC Ammunition,ammo_ballistic`3`9
Predator AC A-Light Ammo 02x,2,2,0.0000,1 1 0.00313,1,18634,80 Rounds,80 Attacks,,ammoBox_Ballistic,80,1,Ammunition_AC_Predator_Lgt,TRUE,GN,Predator AC Ammunition,ammo_ballistic`2`7
Predator AC A-Light Ammo 04x,3,4,0.0000,5 3 0.00884,1,53306,160 Rounds,160 Attacks,,ammoBox_Ballistic,160,1,Ammunition_AC_Predator_Lgt,TRUE,GN,Predator AC Ammunition,ammo_ballistic`2`5
Predator AC A-Light Ammo 07x,4,7,0.0000,11 6 0.01624,1,101156,280 Rounds,280 Attacks,,ammoBox_Ballistic,280,1,Ammunition_AC_Predator_Lgt,TRUE,GN,Predator AC Ammunition,ammo_ballistic`2`4
Predator AC A-Light Ammo 10x,5,10,0.0000,20 10 0.02500,1,160250,400 Rounds,400 Attacks,,ammoBox_Ballistic,400,1,Ammunition_AC_Predator_Lgt,TRUE,GN,Predator AC Ammunition,ammo_ballistic`2`3
,,,,,,,,,,,,,,,,,
Predator AC B-Medium Ammo 01x,1,1,0.0000,0 0 0.00000,1,4200,20 Rounds,20 Attacks,,ammoBox_Ballistic,20,1,Ammunition_AC_Predator_Med,TRUE,GN,Predator AC Ammunition,ammo_ballistic`3`9
Predator AC B-Medium Ammo 02x,2,2,0.0000,1 1 0.00313,1,37421,40 Rounds,40 Attacks,,ammoBox_Ballistic,40,1,Ammunition_AC_Predator_Med,TRUE,GN,Predator AC Ammunition,ammo_ballistic`2`7
Predator AC B-Medium Ammo 04x,3,4,0.0000,5 3 0.00884,1,106667,80 Rounds,80 Attacks,,ammoBox_Ballistic,80,1,Ammunition_AC_Predator_Med,TRUE,GN,Predator AC Ammunition,ammo_ballistic`2`5
Predator AC B-Medium Ammo 07x,4,7,0.0000,11 6 0.01624,1,202230,140 Rounds,140 Attacks,,ammoBox_Ballistic,140,1,Ammunition_AC_Predator_Med,TRUE,GN,Predator AC Ammunition,ammo_ballistic`2`4
Predator AC B-Medium Ammo 10x,5,10,0.0000,20 10 0.02500,1,320250,200 Rounds,200 Attacks,,ammoBox_Ballistic,200,1,Ammunition_AC_Predator_Med,TRUE,GN,Predator AC Ammunition,ammo_ballistic`2`3
,,,,,,,,,,,,,,,,,
Predator AC C-Heavy Ammo 01x,1,1,0.0000,0 0 0.00000,1,6600,10 Rounds,10 Attacks,,ammoBox_Ballistic,10,1,Ammunition_AC_Predator_Hvy,TRUE,GN,Predator AC Ammunition,ammo_ballistic`3`9
Predator AC C-Heavy Ammo 02x,2,2,0.0000,1 1 0.00313,1,77409,20 Rounds,20 Attacks,,ammoBox_Ballistic,20,1,Ammunition_AC_Predator_Hvy,TRUE,GN,Predator AC Ammunition,ammo_ballistic`2`7
Predator AC C-Heavy Ammo 04x,3,4,0.0000,5 3 0.00884,1,225004,40 Rounds,40 Attacks,,ammoBox_Ballistic,40,1,Ammunition_AC_Predator_Hvy,TRUE,GN,Predator AC Ammunition,ammo_ballistic`2`5
Predator AC C-Heavy Ammo 07x,4,7,0.0000,11 6 0.01624,1,428694,70 Rounds,70 Attacks,,ammoBox_Ballistic,70,1,Ammunition_AC_Predator_Hvy,TRUE,GN,Predator AC Ammunition,ammo_ballistic`2`4
Predator AC C-Heavy Ammo 10x,5,10,0.0000,20 10 0.02500,1,680250,100 Rounds,100 Attacks,,ammoBox_Ballistic,100,1,Ammunition_AC_Predator_Hvy,TRUE,GN,Predator AC Ammunition,ammo_ballistic`2`3
,,,,,,,,,,,,,,,,,
Predator AC D-Sniper Ammo 01x,1,1,0.0000,0 0 0.00000,1,5000,60 Rounds,30 Attacks,,ammoBox_Ballistic,60,2,Ammunition_AC_Predator_Snp,TRUE,GN,Predator AC Ammunition,ammo_ballistic`3`9
Predator AC D-Sniper Ammo 02x,2,2,0.0000,1 1 0.00313,1,57162,120 Rounds,60 Attacks,,ammoBox_Ballistic,120,2,Ammunition_AC_Predator_Snp,TRUE,GN,Predator AC Ammunition,ammo_ballistic`2`7
Predator AC D-Sniper Ammo 04x,3,4,0.0000,5 3 0.00884,1,165889,240 Rounds,120 Attacks,,ammoBox_Ballistic,240,2,Ammunition_AC_Predator_Snp,TRUE,GN,Predator AC Ammunition,ammo_ballistic`2`5
Predator AC D-Sniper Ammo 07x,4,7,0.0000,11 6 0.01624,1,315939,420 Rounds,210 Attacks,,ammoBox_Ballistic,420,2,Ammunition_AC_Predator_Snp,TRUE,GN,Predator AC Ammunition,ammo_ballistic`2`4
Predator AC D-Sniper Ammo 10x,5,10,0.0000,20 10 0.02500,1,501250,600 Rounds,300 Attacks,,ammoBox_Ballistic,600,2,Ammunition_AC_Predator_Snp,TRUE,GN,Predator AC Ammunition,ammo_ballistic`2`3
,,,,,,,,,,,,,,,,,
,,,,,,,,,,,,,,,,,
,,,,,,,,,,,,,,,,,
Defender Autocannon Ammo,,,,,,,,,,,,,,,,,
Description:,````Ammo Bins contain the rounds needed for projectile-based weaponry` with at least one bin required per weapon type.  Most Ammo Bins will explode and destroy their installed location when they receive a Critical Hit` however Ultra-Kinetic Machine Gun ammunition is made up of solid high-tech metal alloy metals engineered to have a custom-structured atomic structure` thanks to an open-standard technology developed and by Westonmach.  This solid alloy material makes up all of the rounds` and there is no casing` gunpowder` or chemical components` explosive or otherwise.  As such` there isn't any part of the ammunition to explode or burn if the ammunition or it's storage container gets damaged or even set on fire in combat` so no explosion will occur from a critical hit.\n\n````Ultra-Kinetic Machine Gun Ammo Bins may feed multiple weapons` which do not have to be installed in the same location` thanks to a battlemech's internal mechanisms which feed and transfer ammunition around inside of a battlemech's parts` like any other ammunition bins.\n\n````Westonmach ammuntion bins use magical extradimensional technology to fit their ammunition into a space smaller than the total cubic area of all of the ammunition itself.  In battlemechs` this comes at the cost of weakened total armor for the battlemech` because of the magistics that apply` however the smallest capacity ammunition box of it's type usually does not incur any such tradeoff.  Also` larger capacity ammunition bins will impair the battlemech's cooling capabilities` resulting in a small to moderate reduction in the overheating threshold and also the maximum amount of heat the battlemech can take.,,,,,,,,,,,,,,,,
,Type,Level,Tons,Drain,Slots,Cost,GUI Feature A,GUI Feature B,Specials Codes (Code`Value`Duration`Stack),Icon Code,Cap,Shots / Attack,Ammo ID,Can Explode,Manf Code,Model Name,Item Collection
,,,,,,,,,,,,,,,,,
Defender AC Ammo 05x,1,5,0.0000,0 0 0.00000,1,2000,50 Cartridges,50 Attacks,,ammoBox_Support,50,1,Ammunition_DF_AC,TRUE,GN,Defender Autocannon Ammunition,ammo_ballistic`6`9
Defender AC Ammo 10x,2,10,0.0000,1 0 0.00063,1,2609,100 Cartridges,100 Attacks,,ammoBox_Support,100,1,Ammunition_DF_AC,TRUE,GN,Defender Autocannon Ammunition,ammo_ballistic`5`7
Defender AC Ammo 20x,3,20,0.0000,3 0 0.00177,1,3879,200 Cartridges,200 Attacks,,ammoBox_Support,200,1,Ammunition_DF_AC,TRUE,GN,Defender Autocannon Ammunition,ammo_ballistic`4`6
Defender AC Ammo 33x,4,33,0.0000,7 0 0.00325,1,5632,330 Cartridges,330 Attacks,,ammoBox_Support,330,1,Ammunition_DF_AC,TRUE,GN,Defender Autocannon Ammunition,ammo_ballistic`3`4
Defender AC Ammo 50x,5,50,0.0000,12 0 0.00500,1,7797,500 Cartridges,500 Attacks,,ammoBox_Support,500,1,Ammunition_DF_AC,TRUE,GN,Defender Autocannon Ammunition,ammo_ballistic`2`3
