Name,Type,Level,Tonnage,Power Drain,Equip Slots,Damage Regular,Damage Heat,Damage Stability,Total Damage Regular,Total Damage Heat,Total Damage Stability,Number of Shots,Range Min,Range Optimal,Range Max,Heat Gen,Critical Chance,Cost,Accuracy,Projectiles per Shot,Attack Recoil,Refire Modifier,Indirect Fire,Ammo Category,Range Tag,Weapon Category,Weapon Type,Weapon Sub Type,Prefab ID,Weapon Effect ID,GUI Feature A,GUI Feature B,Specials Code,Icon Code,Manf. Code,Weapon Model Name,Item Collection
"Cannon, Predator AC",,,,,,,,,,,,,,,,,,,,,,,,,,,,,,,,,,,,,
,Type,Level,Tons,Drain,Slots,Damage / Shot,per,Attack,Total Damage,,,Shots,Range,,,Total Heat,Critical Mult.,Cost,Acc.,Pjct. / Shot,Recoil,Refire,Indirect Fire,Ammo Category,Range Tag,Category,Weapon Type,Weapon Sub Type,Prefab ID,Weapon Effect ID,GUI Feature A,GUI Feature B,Specials Code,Icon Code,Maker Code,Weapon Model Name,Item Collection
,,,,,,Regular,Heat,Stability,Regular,Heat,Stability,,Min,Optimal,Max,,,,,,,,,,,,,,,,,,,,,,
Predator AC A-Lgt 1x T1,1,0,0.0625,0 0 0.00000,1,30,0,2,30,0,2,1,0,350,700,5,0.5000,8000,1.00,1,0,0,FALSE,AC_Prd_Lgt,long,Ballistic,AC,AC5,AC5,AC5_Ultra,Weakens Target,,WEAKEN_2x3`0.05000,Ballistic,WS,Predator Light Auto Cannon,weapon_ballistic`3`9
Predator AC A-Lgt 1x T2,2,0.31,0.0625,1 0 0.00263,1,33,0,3,33,0,3,1,0,350,750,9,0.5750,11656,0.00,1,0,0,FALSE,AC_Prd_Lgt,long,Ballistic,AC,AC5,AC5,AC5_Ultra,Weakens Target,,WEAKEN_2x3`0.08750,Ballistic,WS,Predator Light Auto Cannon,weapon_ballistic`2`7
Predator AC A-Lgt 1x T3,3,0.63,0.0625,3 1 0.00811,1,36,0,4,36,0,4,1,0,350,800,13,0.6500,28683,-1.00,1,0,0,FALSE,AC_Prd_Lgt,long,Ballistic,AC,AC5,AC5,AC5_Ultra,Weakens Target,,WEAKEN_2x3`0.12500,Ballistic,WS,Predator Light Auto Cannon,weapon_ballistic`1`5
Predator AC A-Lgt 1x T4,4,0.94,0.0625,7 1 0.01566,1,39,0,6,39,0,6,1,0,350,850,16,0.7250,64995,-2.00,1,0,0,FALSE,AC_Prd_Lgt,long,Ballistic,AC,AC5,AC5,AC5_Ultra,Weakens Target,,WEAKEN_2x3`0.16250,Ballistic,WS,Predator Light Auto Cannon,weapon_ballistic_rare`1`4
Predator AC A-Lgt 1x T5,5,1.25,0.0625,12 2 0.02500,1,42,0,9,42,0,9,1,0,350,900,20,0.8000,125000,-3.00,1,0,0,FALSE,AC_Prd_Lgt,long,Ballistic,AC,AC5,AC5,AC5_Ultra,Weakens Target,,WEAKEN_2x3`0.20000,Ballistic,WS,Predator Light Auto Cannon,weapon_ballistic_rare`1`3
,,,,,,,,,,,,,,,,,,,,,,,,,,,,,,,,,,,,,
Predator AC B-Med 1x T1,1,1.3,0.0625,0 0 0.00000,1,64,1,14,64,1,14,1,0,175,350,12,0.9000,14000,1.00,1,0,0,FALSE,AC_Prd_Med,medium,Ballistic,AC,AC10,AC10,AC10_Ultra,Weakens Target,,WEAKEN_3x3`0.10000,Ballistic,WS,Predator Medium Auto Cannon,weapon_ballistic`3`9
Predator AC B-Med 1x T2,2,1.73,0.0625,2 0 0.00420,1,68,2,20,68,2,20,1,0,175,400,19,1.0250,19813,0.00,1,0,0,FALSE,AC_Prd_Med,medium,Ballistic,AC,AC10,AC10,AC10_Ultra,Weakens Target,,WEAKEN_3x3`0.17500,Ballistic,WS,Predator Medium Auto Cannon,weapon_ballistic`2`7
Predator AC B-Med 1x T3,3,2.15,0.0625,6 1 0.01297,1,72,3,26,72,3,26,1,0,175,450,26,1.1500,46880,-1.00,1,0,0,FALSE,AC_Prd_Med,medium,Ballistic,AC,AC10,AC10,AC10_Ultra,Weakens Target,,WEAKEN_3x3`0.25000,Ballistic,WS,Predator Medium Auto Cannon,weapon_ballistic`1`5
Predator AC B-Med 1x T4,4,2.58,0.0625,14 2 0.02506,1,76,4,34,76,4,34,1,0,175,500,33,1.2750,104608,-2.00,1,0,0,FALSE,AC_Prd_Med,medium,Ballistic,AC,AC10,AC10,AC10_Ultra,Weakens Target,,WEAKEN_3x3`0.32500,Ballistic,WS,Predator Medium Auto Cannon,weapon_ballistic_rare`1`4
Predator AC B-Med 1x T5,5,3,0.0625,24 4 0.04000,1,80,5,42,80,5,42,1,0,175,550,40,1.4000,200000,-3.00,1,0,0,FALSE,AC_Prd_Med,medium,Ballistic,AC,AC10,AC10,AC10_Ultra,Weakens Target,,WEAKEN_3x3`0.40000,Ballistic,WS,Predator Medium Auto Cannon,weapon_ballistic_rare`1`3
,,,,,,,,,,,,,,,,,,,,,,,,,,,,,,,,,,,,,
Predator AC C-Hvy 1x T1,1,3.15,0.0625,0 0 0.00000,1,96,3,53,96,3,53,1,0,100,200,18,1.6500,22500,1.00,1,0,0,FALSE,AC_Prd_Hvy,close,Ballistic,AC,AC20,AC20,AC20_Ultra,Weakens Target,,WEAKEN_4x3`0.15000,Ballistic,WS,Predator Heavy Auto Cannon,weapon_ballistic`3`9
Predator AC C-Hvy 1x T2,2,3.36,0.0625,2 0 0.00631,1,105,5,63,105,5,63,1,0,100,225,29,1.8625,31797,0.00,1,0,0,FALSE,AC_Prd_Hvy,close,Ballistic,AC,AC20,AC20,AC20_Ultra,Weakens Target,,WEAKEN_4x3`0.26250,Ballistic,WS,Predator Heavy Auto Cannon,weapon_ballistic`2`7
Predator AC C-Hvy 1x T3,3,3.58,0.0625,9 2 0.01945,1,114,8,73,114,8,73,1,0,100,250,39,2.0750,75091,-1.00,1,0,0,FALSE,AC_Prd_Hvy,close,Ballistic,AC,AC20,AC20,AC20_Ultra,Weakens Target,,WEAKEN_4x3`0.37500,Ballistic,WS,Predator Heavy Auto Cannon,weapon_ballistic`1`5
Predator AC C-Hvy 1x T4,4,3.79,0.0625,20 3 0.03759,1,123,10,84,123,10,84,1,0,100,275,50,2.2875,167424,-2.00,1,0,0,FALSE,AC_Prd_Hvy,close,Ballistic,AC,AC20,AC20,AC20_Ultra,Weakens Target,,WEAKEN_4x3`0.48750,Ballistic,WS,Predator Heavy Auto Cannon,weapon_ballistic_rare`1`4
Predator AC C-Hvy 1x T5,5,4,0.0625,36 6 0.06000,1,132,12,96,132,12,96,1,0,100,300,60,2.5000,320000,-3.00,1,0,0,FALSE,AC_Prd_Hvy,close,Ballistic,AC,AC20,AC20,AC20_Ultra,Weakens Target,,WEAKEN_4x3`0.60000,Ballistic,WS,Predator Heavy Auto Cannon,weapon_ballistic_rare`1`3
,,,,,,,,,,,,,,,,,,,,,,,,,,,,,,,,,,,,,
Predator AC D-Snp 1x T1,1,0,0.0625,0 0 0.00000,1,10,0,1,20,0,2,2,160,500,1200,10,0.6500,16000,1.00,1,0,0,FALSE,AC_Prd_Snp,extreme,Ballistic,AC,AC2,AC2,AC2_Ultra,Weakens Target,,WEAKEN_3x6`0.08333,Ballistic,WS,Predator Sniper Auto Cannon,weapon_ballistic`3`9
Predator AC D-Snp 1x T2,2,0.66,0.0625,1 0 0.00342,1,12,1,1,24,2,2,2,160,500,1300,15,0.9875,21906,0.00,1,0,0,FALSE,AC_Prd_Snp,extreme,Ballistic,AC,AC2,AC2,AC2_Ultra,Weakens Target,,WEAKEN_3x6`0.10417,Ballistic,WS,Predator Sniper Auto Cannon,weapon_ballistic`2`7
Predator AC D-Snp 1x T3,3,1.33,0.0625,5 1 0.01054,1,13,3,3,26,6,6,2,160,500,1400,20,1.3250,49411,-1.00,1,0,0,FALSE,AC_Prd_Snp,extreme,Ballistic,AC,AC2,AC2,AC2_Ultra,Weakens Target,,WEAKEN_3x6`0.12500,Ballistic,WS,Predator Sniper Auto Cannon,weapon_ballistic`1`5
Predator AC D-Snp 1x T4,4,1.99,0.0625,11 2 0.02036,1,15,4,5,30,8,10,2,160,500,1500,25,1.6625,108069,-2.00,1,0,0,FALSE,AC_Prd_Snp,extreme,Ballistic,AC,AC2,AC2,AC2_Ultra,Weakens Target,,WEAKEN_3x6`0.14583,Ballistic,WS,Predator Sniper Auto Cannon,weapon_ballistic_rare`1`4
Predator AC D-Snp 1x T5,5,2.65,0.0625,20 3 0.03250,1,16,5,7,32,10,14,2,160,500,1600,30,2.0000,205000,-3.00,1,0,0,FALSE,AC_Prd_Snp,extreme,Ballistic,AC,AC2,AC2,AC2_Ultra,Weakens Target,,WEAKEN_3x6`0.16667,Ballistic,WS,Predator Sniper Auto Cannon,weapon_ballistic_rare`1`3
,,,,,,,,,,,,,,,,,,,,,,,,,,,,,,,,,,,,,
Predator AC E-Lgt 3x T1,1,0,0.1250,0 0 0.07500,2,30,0,2,90,0,6,3,0,350,700,15,0.5000,40000,1.00,1,0,0,FALSE,AC_Prd_Lgt,long,Ballistic,AC,AC5,AC5,AC5_Ultra,Weakens Target,3x Weapon,WEAKEN_2x3`0.05000,Ballistic,WS,Predator Light Auto Cannon,weapon_ballistic`1`6
Predator AC E-Lgt 3x T2,2,0.31,0.1250,2 0 0.08288,2,33,0,3,99,0,9,3,0,350,750,26,0.5750,58280,0.00,1,0,0,FALSE,AC_Prd_Lgt,long,Ballistic,AC,AC5,AC5,AC5_Ultra,Weakens Target,3x Weapon,WEAKEN_2x3`0.08750,Ballistic,WS,Predator Light Auto Cannon,weapon_ballistic`1`5
Predator AC E-Lgt 3x T3,3,0.63,0.1250,9 2 0.09932,2,36,0,4,108,0,12,3,0,350,800,38,0.6500,143415,-1.00,1,0,0,FALSE,AC_Prd_Lgt,long,Ballistic,AC,AC5,AC5,AC5_Ultra,Weakens Target,3x Weapon,WEAKEN_2x3`0.12500,Ballistic,WS,Predator Light Auto Cannon,weapon_ballistic`1`4
Predator AC E-Lgt 3x T4,4,0.94,0.1250,20 3 0.12199,2,39,0,6,117,0,18,3,0,350,850,49,0.7250,324975,-2.00,1,0,0,FALSE,AC_Prd_Lgt,long,Ballistic,AC,AC5,AC5,AC5_Ultra,Weakens Target,3x Weapon,WEAKEN_2x3`0.16250,Ballistic,WS,Predator Light Auto Cannon,weapon_ballistic_rare`1`3
Predator AC E-Lgt 3x T5,5,1.25,0.1250,36 6 0.15000,2,42,0,9,126,0,27,3,0,350,900,60,0.8000,625000,-3.00,1,0,0,FALSE,AC_Prd_Lgt,long,Ballistic,AC,AC5,AC5,AC5_Ultra,Weakens Target,3x Weapon,WEAKEN_2x3`0.20000,Ballistic,WS,Predator Light Auto Cannon,weapon_ballistic_rare`1`2
,,,,,,,,,,,,,,,,,,,,,,,,,,,,,,,,,,,,,
Predator AC F-Med 3x T1,1,1.3,0.1250,0 0 0.12000,2,64,1,14,192,3,42,3,0,175,350,36,0.9000,70000,1.00,1,0,0,FALSE,AC_Prd_Med,medium,Ballistic,AC,AC10,AC10,AC10_Ultra,Weakens Target,3x Weapon,WEAKEN_3x3`0.10000,Ballistic,WS,Predator Medium Auto Cannon,weapon_ballistic`1`6
Predator AC F-Med 3x T2,2,1.73,0.1250,5 1 0.13261,2,68,2,20,204,6,60,3,0,175,400,57,1.0250,99065,0.00,1,0,0,FALSE,AC_Prd_Med,medium,Ballistic,AC,AC10,AC10,AC10_Ultra,Weakens Target,3x Weapon,WEAKEN_3x3`0.17500,Ballistic,WS,Predator Medium Auto Cannon,weapon_ballistic`1`5
Predator AC F-Med 3x T3,3,2.15,0.1250,18 3 0.15891,2,72,3,26,216,9,78,3,0,175,450,78,1.1500,234400,-1.00,1,0,0,FALSE,AC_Prd_Med,medium,Ballistic,AC,AC10,AC10,AC10_Ultra,Weakens Target,3x Weapon,WEAKEN_3x3`0.25000,Ballistic,WS,Predator Medium Auto Cannon,weapon_ballistic`1`4
Predator AC F-Med 3x T4,4,2.58,0.1250,41 7 0.19519,2,76,4,34,228,12,102,3,0,175,500,99,1.2750,523040,-2.00,1,0,0,FALSE,AC_Prd_Med,medium,Ballistic,AC,AC10,AC10,AC10_Ultra,Weakens Target,3x Weapon,WEAKEN_3x3`0.32500,Ballistic,WS,Predator Medium Auto Cannon,weapon_ballistic_rare`1`3
Predator AC F-Med 3x T5,5,3,0.1250,72 12 0.24000,2,80,5,42,240,15,126,3,0,175,550,120,1.4000,1000000,-3.00,1,0,0,FALSE,AC_Prd_Med,medium,Ballistic,AC,AC10,AC10,AC10_Ultra,Weakens Target,3x Weapon,WEAKEN_3x3`0.40000,Ballistic,WS,Predator Medium Auto Cannon,weapon_ballistic_rare`1`2
,,,,,,,,,,,,,,,,,,,,,,,,,,,,,,,,,,,,,
Predator AC G-Hvy 3x T1,1,3.15,0.1250,0 0 0.18000,2,96,3,53,288,9,159,3,0,100,200,54,1.6500,112500,1.00,1,0,0,FALSE,AC_Prd_Hvy,close,Ballistic,AC,AC20,AC20,AC20_Ultra,Weakens Target,3x Weapon,WEAKEN_4x3`0.15000,Ballistic,WS,Predator Heavy Auto Cannon,weapon_ballistic`1`6
Predator AC G-Hvy 3x T2,2,3.36,0.1250,7 1 0.19892,2,105,5,63,315,15,189,3,0,100,225,86,1.8625,158985,0.00,1,0,0,FALSE,AC_Prd_Hvy,close,Ballistic,AC,AC20,AC20,AC20_Ultra,Weakens Target,3x Weapon,WEAKEN_4x3`0.26250,Ballistic,WS,Predator Heavy Auto Cannon,weapon_ballistic`1`5
Predator AC G-Hvy 3x T3,3,3.58,0.1250,27 5 0.23836,2,114,8,73,342,24,219,3,0,100,250,117,2.0750,375455,-1.00,1,0,0,FALSE,AC_Prd_Hvy,close,Ballistic,AC,AC20,AC20,AC20_Ultra,Weakens Target,3x Weapon,WEAKEN_4x3`0.37500,Ballistic,WS,Predator Heavy Auto Cannon,weapon_ballistic`1`4
Predator AC G-Hvy 3x T4,4,3.79,0.1250,61 10 0.29278,2,123,10,84,369,30,252,3,0,100,275,149,2.2875,837120,-2.00,1,0,0,FALSE,AC_Prd_Hvy,close,Ballistic,AC,AC20,AC20,AC20_Ultra,Weakens Target,3x Weapon,WEAKEN_4x3`0.48750,Ballistic,WS,Predator Heavy Auto Cannon,weapon_ballistic_rare`1`3
Predator AC G-Hvy 3x T5,5,4,0.1250,108 18 0.36000,2,132,12,96,396,36,288,3,0,100,300,180,2.5000,1600000,-3.00,1,0,0,FALSE,AC_Prd_Hvy,close,Ballistic,AC,AC20,AC20,AC20_Ultra,Weakens Target,3x Weapon,WEAKEN_4x3`0.60000,Ballistic,WS,Predator Heavy Auto Cannon,weapon_ballistic_rare`1`2
,,,,,,,,,,,,,,,,,,,,,,,,,,,,,,,,,,,,,
Predator AC H-Snp 3x T1,1,0,0.1250,0 0 0.09750,2,10,0,1,60,0,6,6,160,500,1200,30,0.6500,80000,1.00,1,0,0,FALSE,AC_Prd_Snp,extreme,Ballistic,AC,AC2,AC2,AC2_Ultra,Weakens Target,3x Weapon,WEAKEN_3x6`0.08333,Ballistic,WS,Predator Sniper Auto Cannon,weapon_ballistic`1`6
Predator AC H-Snp 3x T2,2,0.66,0.1250,4 1 0.10775,2,12,1,1,72,6,6,6,160,500,1300,45,0.9875,109530,0.00,1,0,0,FALSE,AC_Prd_Snp,extreme,Ballistic,AC,AC2,AC2,AC2_Ultra,Weakens Target,3x Weapon,WEAKEN_3x6`0.10417,Ballistic,WS,Predator Sniper Auto Cannon,weapon_ballistic`1`5
Predator AC H-Snp 3x T3,3,1.33,0.1250,15 2 0.12911,2,13,3,3,78,18,18,6,160,500,1400,60,1.3250,247055,-1.00,1,0,0,FALSE,AC_Prd_Snp,extreme,Ballistic,AC,AC2,AC2,AC2_Ultra,Weakens Target,3x Weapon,WEAKEN_3x6`0.12500,Ballistic,WS,Predator Sniper Auto Cannon,weapon_ballistic`1`4
Predator AC H-Snp 3x T4,4,1.99,0.1250,34 5 0.15859,2,15,4,5,90,24,30,6,160,500,1500,75,1.6625,540345,-2.00,1,0,0,FALSE,AC_Prd_Snp,extreme,Ballistic,AC,AC2,AC2,AC2_Ultra,Weakens Target,3x Weapon,WEAKEN_3x6`0.14583,Ballistic,WS,Predator Sniper Auto Cannon,weapon_ballistic_rare`1`3
Predator AC H-Snp 3x T5,5,2.65,0.1250,60 9 0.19500,2,16,5,7,96,30,42,6,160,500,1600,90,2.0000,1025000,-3.00,1,0,0,FALSE,AC_Prd_Snp,extreme,Ballistic,AC,AC2,AC2,AC2_Ultra,Weakens Target,3x Weapon,WEAKEN_3x6`0.16667,Ballistic,WS,Predator Sniper Auto Cannon,weapon_ballistic_rare`1`2
,,,,,,,,,,,,,,,,,,,,,,,,,,,,,,,,,,,,,
,,,,,,,,,,,,,,,,,,,,,,,,,,,,,,,,,,,,,
,,,,,,,,,,,,,,,,,,,,,,,,,,,,,,,,,,,,,
"Cannon, Ion Magi-AC",,,,,,,,,,,,,,,,,,,,,,,,,,,,,,,,,,,,,
,Type,Level,Tons,Drain,Slots,Damage / Shot,per,Attack,Total Damage,,,Shots,Range,,,Total Heat,Critical Mult.,Cost,Acc.,Pjct. / Shot,Recoil,Refire,Indirect Fire,Ammo Category,Range Tag,Category,Weapon Type,Weapon Sub Type,Prefab ID,Weapon Effect ID,GUI Feature A,GUI Feature B,Specials Code,Icon Code,Maker Code,Weapon Model Name,Item Collection
,,,,,,Regular,Heat,Stability,Regular,Heat,Stability,,Min,Optimal,Max,,,,,,,,,,,,,,,,,,,,,,
Ion Magi-AC A-Light 1x T1,1,2.5,0.0625,4 0 0.00000,1,40,0,17,40,0,17,1,0,90,500,24,0.8000,20000,1.00,5,0,1,FALSE,NotSet,medium,Ballistic,AC,AC2,AC2,AC2_Ultra,,,,Ballistic,GR,Ion Magi-Autocannon,weapon_ballistic`3`9
Ion Magi-AC A-Light 1x T2,2,2.69,0.0625,6 1 0.00625,1,45,0,21,45,0,21,1,0,90,525,36,0.9125,21875,0.00,5,0,1,FALSE,NotSet,medium,Ballistic,AC,AC2,AC2,AC2_Ultra,,,,Ballistic,GR,Ion Magi-Autocannon,weapon_ballistic`2`7
Ion Magi-AC A-Light 1x T3,3,2.88,0.0625,11 3 0.01768,1,50,0,25,50,0,25,1,0,90,500,48,1.0250,30607,-1.00,5,0,1,FALSE,NotSet,medium,Ballistic,AC,AC2,AC2,AC2_Ultra,,,,Ballistic,GR,Ion Magi-Autocannon,weapon_ballistic`1`5
Ion Magi-AC A-Light 1x T4,4,3.06,0.0625,20 7 0.03248,1,55,0,29,55,0,29,1,0,90,550,60,1.1375,49228,-2.00,5,0,1,FALSE,NotSet,medium,Ballistic,AC,AC2,AC2,AC2_Ultra,,,,Ballistic,GR,Ion Magi-Autocannon,weapon_ballistic_rare`1`4
Ion Magi-AC A-Light 1x T5,5,3.25,0.0625,32 12 0.05000,1,60,0,34,60,0,34,1,0,90,600,72,1.2500,80000,-3.00,5,0,1,FALSE,NotSet,medium,Ballistic,AC,AC2,AC2,AC2_Ultra,,,,Ballistic,GR,Ion Magi-Autocannon,weapon_ballistic_rare`1`3
,,,,,,,,,,,,,,,,,,,,,,,,,,,,,,,,,,,,,
Ion Magi-AC B-Heavy 1x T1,1,2.5,0.1250,6 0 0.00000,1,70,0,30,70,0,30,1,0,30,200,24,0.8000,32000,1.00,5,0,1,FALSE,NotSet,short,Ballistic,AC,AC2,AC2,AC2_Ultra,,,,Ballistic,GR,Ion Magi-Autocannon,weapon_ballistic`3`9
Ion Magi-AC B-Heavy 1x T2,2,2.69,0.1250,9 1 0.00938,1,75,0,35,75,0,35,1,0,30,225,36,0.9125,36156,0.00,5,0,1,FALSE,NotSet,short,Ballistic,AC,AC2,AC2,AC2_Ultra,,,,Ballistic,GR,Ion Magi-Autocannon,weapon_ballistic`2`7
Ion Magi-AC B-Heavy 1x T3,3,2.88,0.1250,17 4 0.02652,1,80,0,40,80,0,40,1,0,30,250,48,1.0250,55511,-1.00,5,0,1,FALSE,NotSet,short,Ballistic,AC,AC2,AC2,AC2_Ultra,,,,Ballistic,GR,Ion Magi-Autocannon,weapon_ballistic`1`5
Ion Magi-AC B-Heavy 1x T4,4,3.06,0.1250,30 9 0.04871,1,85,0,46,85,0,46,1,0,30,275,60,1.1375,96790,-2.00,5,0,1,FALSE,NotSet,short,Ballistic,AC,AC2,AC2,AC2_Ultra,,,,Ballistic,GR,Ion Magi-Autocannon,weapon_ballistic_rare`1`4
Ion Magi-AC B-Heavy 1x T5,5,3.25,0.1250,48 16 0.07500,1,90,0,52,90,0,52,1,0,30,300,72,1.2500,165000,-3.00,5,0,1,FALSE,NotSet,short,Ballistic,AC,AC2,AC2,AC2_Ultra,,,,Ballistic,GR,Ion Magi-Autocannon,weapon_ballistic_rare`1`3
,,,,,,,,,,,,,,,,,,,,,,,,,,,,,,,,,,,,,
Ion Magi-AC C-Light 3x T1,1,2.5,0.1875,16 2 0.05000,2,40,0,17,120,0,51,3,0,90,500,40,0.8000,48000,1.00,5,0,1,FALSE,NotSet,medium,Ballistic,AC,AC2,AC2,AC2_Ultra,3x Weapon,,,Ballistic,GR,Ion Magi-Autocannon,weapon_ballistic`1`6
Ion Magi-AC C-Light 3x T2,2,2.69,0.1875,19 3 0.05938,2,45,0,21,135,0,63,3,0,90,525,70,0.9125,52500,0.00,5,0,1,FALSE,NotSet,medium,Ballistic,AC,AC2,AC2,AC2_Ultra,3x Weapon,,,Ballistic,GR,Ion Magi-Autocannon,weapon_ballistic`1`5
Ion Magi-AC C-Light 3x T3,3,2.88,0.1875,28 8 0.07652,2,50,0,25,150,0,75,3,0,90,500,100,1.0250,73457,-1.00,5,0,1,FALSE,NotSet,medium,Ballistic,AC,AC2,AC2,AC2_Ultra,3x Weapon,,,Ballistic,GR,Ion Magi-Autocannon,weapon_ballistic`1`4
Ion Magi-AC C-Light 3x T4,4,3.06,0.1875,43 14 0.09871,2,55,0,29,165,0,87,3,0,90,550,130,1.1375,118147,-2.00,5,0,1,FALSE,NotSet,medium,Ballistic,AC,AC2,AC2,AC2_Ultra,3x Weapon,,,Ballistic,GR,Ion Magi-Autocannon,weapon_ballistic_rare`1`3
Ion Magi-AC C-Light 3x T5,5,3.25,0.1875,64 24 0.12500,2,60,0,34,180,0,102,3,0,90,600,160,1.2500,192000,-3.00,5,0,1,FALSE,NotSet,medium,Ballistic,AC,AC2,AC2,AC2_Ultra,3x Weapon,,,Ballistic,GR,Ion Magi-Autocannon,weapon_ballistic_rare`1`2
,,,,,,,,,,,,,,,,,,,,,,,,,,,,,,,,,,,,,
Ion Magi-AC D-Heavy 3x T1,1,2.5,0.3125,20 3 0.07500,2,70,0,30,210,0,90,3,0,30,200,40,0.8000,67840,1.00,5,0,1,FALSE,NotSet,short,Ballistic,AC,AC2,AC2,AC2_Ultra,3x Weapon,,,Ballistic,GR,Ion Magi-Autocannon,weapon_ballistic`1`6
Ion Magi-AC D-Heavy 3x T2,2,2.69,0.3125,24 5 0.08594,2,75,0,35,225,0,105,3,0,30,225,70,0.9125,76651,0.00,5,0,1,FALSE,NotSet,short,Ballistic,AC,AC2,AC2,AC2_Ultra,3x Weapon,,,Ballistic,GR,Ion Magi-Autocannon,weapon_ballistic`1`5
Ion Magi-AC D-Heavy 3x T3,3,2.88,0.3125,35 10 0.10594,2,80,0,40,240,0,120,3,0,30,250,100,1.0250,117683,-1.00,5,0,1,FALSE,NotSet,short,Ballistic,AC,AC2,AC2,AC2_Ultra,3x Weapon,,,Ballistic,GR,Ion Magi-Autocannon,weapon_ballistic`1`4
Ion Magi-AC D-Heavy 3x T4,4,3.06,0.3125,54 19 0.13183,2,85,0,46,255,0,138,3,0,30,275,130,1.1375,205195,-2.00,5,0,1,FALSE,NotSet,short,Ballistic,AC,AC2,AC2,AC2_Ultra,3x Weapon,,,Ballistic,GR,Ion Magi-Autocannon,weapon_ballistic_rare`1`3
Ion Magi-AC D-Heavy 3x T5,5,3.25,0.3125,80 32 0.16250,2,90,0,52,270,0,156,3,0,30,300,160,1.2500,349800,-3.00,5,0,1,FALSE,NotSet,short,Ballistic,AC,AC2,AC2,AC2_Ultra,3x Weapon,,,Ballistic,GR,Ion Magi-Autocannon,weapon_ballistic_rare`1`2
,,,,,,,,,,,,,,,,,,,,,,,,,,,,,,,,,,,,,
,,,,,,,,,,,,,,,,,,,,,,,,,,,,,,,,,,,,,
,,,,,,,,,,,,,,,,,,,,,,,,,,,,,,,,,,,,,
"Rocket Launcher, Cripplefang",,,,,,,,,,,,,,,,,,,,,,,,,,,,,,,,,,,,,
,Type,Level,Tons,Drain,Slots,Damage / Shot,per,Attack,Total Damage,,,Shots,Range,,,Total Heat,Critical Mult.,Cost,Acc.,Pjct. / Shot,Recoil,Refire,Indirect Fire,Ammo Category,Range Tag,Category,Weapon Type,Weapon Sub Type,Prefab ID,Weapon Effect ID,GUI Feature A,GUI Feature B,Specials Code,Icon Code,Maker Code,Weapon Model Name,Item Collection
,,,,,,Regular,Heat,Stability,Regular,Heat,Stability,,Min,Optimal,Max,,,,,,,,,,,,,,,,,,,,,,
Cripplefang RL T1 L1,1,1,0.0625,0 0 0.00000,1,3,0,0,6,0,0,2,90,200,200,8,0.2000,5000,2.00,1,1,1,TRUE,RL_Cripple,close,Missile,LRM,LRM20,lrm20,LRM20,Impairs Target,,STUN_2x10`0.93303 WEAKEN_2x15`0.10000 HEAT_DMG_2x15`1,Missile,WS,Cripplefang Rocket Launcher,weapon_rocket`3`9
Cripplefang RL T2 L1,2,1,0.0625,2 0 0.00841,1,3,0,0,6,0,0,2,90,225,225,9,0.4500,9856,1.25,1,1,1,TRUE,RL_Cripple,close,Missile,LRM,LRM20,lrm20,LRM20,Impairs Target,,STUN_2x10`0.91261 WEAKEN_2x15`0.17500 HEAT_DMG_2x15`2,Missile,WS,Cripplefang Rocket Launcher,weapon_rocket`2`7
Cripplefang RL T3 L1,3,1,0.0625,5 1 0.02594,1,3,0,0,6,0,0,2,90,250,250,11,0.7000,19978,0.50,1,1,1,TRUE,RL_Cripple,close,Missile,LRM,LRM20,lrm20,LRM20,Impairs Target,,STUN_2x10`0.89219 WEAKEN_2x15`0.25000 HEAT_DMG_2x15`3,Missile,WS,Cripplefang Rocket Launcher,weapon_rocket`2`5
Cripplefang RL T4 L1,4,1,0.0625,10 3 0.05013,1,4,0,0,8,0,0,2,90,275,275,13,0.9500,33948,-0.25,1,1,1,TRUE,RL_Cripple,close,Missile,LRM,LRM20,lrm20,LRM20,Impairs Target,,STUN_2x10`0.87176 WEAKEN_2x15`0.32500 HEAT_DMG_2x15`4,Missile,WS,Cripplefang Rocket Launcher,weapon_rocket_rare`2`4
Cripplefang RL T5 L1,5,1,0.0625,16 4 0.08000,1,4,0,0,8,0,0,2,90,300,300,16,1.2000,51200,-1.00,1,1,1,TRUE,RL_Cripple,close,Missile,LRM,LRM20,lrm20,LRM20,Impairs Target,,STUN_2x10`0.85134 WEAKEN_2x15`0.40000 HEAT_DMG_2x15`5,Missile,WS,Cripplefang Rocket Launcher,weapon_rocket_rare`2`2
,,,,,,,,,,,,,,,,,,,,,,,,,,,,,,,,,,,,,
Cripplefang RL T1 L2,1,2,0.0625,3 0 0.01083,1,5,0,0,20,0,0,4,90,200,200,32,0.2000,21147,2.00,1,1,1,TRUE,RL_Cripple,close,Missile,LRM,LRM20,lrm20,LRM20,Impairs Target,,STUN_2x10`0.90125 WEAKEN_2x15`0.16788 HEAT_DMG_2x15`2,Missile,WS,Cripplefang Rocket Launcher,weapon_rocket`3`9
Cripplefang RL T2 L2,2,2,0.0625,6 1 0.01810,1,6,0,0,24,0,0,4,90,225,225,35,0.4500,64401,1.25,1,1,1,TRUE,RL_Cripple,close,Missile,LRM,LRM20,lrm20,LRM20,Impairs Target,,STUN_2x10`0.87232 WEAKEN_2x15`0.24881 HEAT_DMG_2x15`4,Missile,WS,Cripplefang Rocket Launcher,weapon_rocket`2`7
Cripplefang RL T3 L2,3,2,0.0625,11 2 0.03326,1,7,0,0,28,0,0,4,90,250,250,42,0.7000,154561,0.50,1,1,1,TRUE,RL_Cripple,close,Missile,LRM,LRM20,lrm20,LRM20,Impairs Target,,STUN_2x10`0.84338 WEAKEN_2x15`0.32973 HEAT_DMG_2x15`6,Missile,WS,Cripplefang Rocket Launcher,weapon_rocket`2`5
Cripplefang RL T4 L2,4,2,0.0625,18 5 0.05417,1,7,0,0,28,0,0,4,90,275,275,52,0.9500,278986,-0.25,1,1,1,TRUE,RL_Cripple,close,Missile,LRM,LRM20,lrm20,LRM20,Impairs Target,,STUN_2x10`0.81445 WEAKEN_2x15`0.41066 HEAT_DMG_2x15`8,Missile,WS,Cripplefang Rocket Launcher,weapon_rocket_rare`2`4
Cripplefang RL T5 L2,5,2,0.0625,27 8 0.08000,1,8,0,0,32,0,0,4,90,300,300,64,1.2000,432652,-1.00,1,1,1,TRUE,RL_Cripple,close,Missile,LRM,LRM20,lrm20,LRM20,Impairs Target,,STUN_2x10`0.78552 WEAKEN_2x15`0.49158 HEAT_DMG_2x15`10,Missile,WS,Cripplefang Rocket Launcher,weapon_rocket_rare`2`2
,,,,,,,,,,,,,,,,,,,,,,,,,,,,,,,,,,,,,
Cripplefang RL T1 L3,1,3,0.1250,7 0 0.02167,2,6,0,0,36,0,0,6,90,200,200,56,0.2000,54803,2.00,1,1,1,TRUE,RL_Cripple,close,Missile,LRM,LRM20,lrm20,LRM20,Impairs Target,,STUN_2x10`0.87055 WEAKEN_2x15`0.28184 HEAT_DMG_2x15`3,Missile,WS,Cripplefang Rocket Launcher,weapon_rocket`3`9
Cripplefang RL T2 L3,2,3,0.1250,10 1 0.02780,2,7,0,0,42,0,0,6,90,225,225,62,0.4500,178094,1.25,1,1,1,TRUE,RL_Cripple,close,Missile,LRM,LRM20,lrm20,LRM20,Impairs Target,,STUN_2x10`0.83411 WEAKEN_2x15`0.36241 HEAT_DMG_2x15`6,Missile,WS,Cripplefang Rocket Launcher,weapon_rocket`2`7
Cripplefang RL T3 L3,3,3,0.1250,17 4 0.04058,2,8,0,0,48,0,0,6,90,250,250,74,0.7000,435087,0.50,1,1,1,TRUE,RL_Cripple,close,Missile,LRM,LRM20,lrm20,LRM20,Impairs Target,,STUN_2x10`0.79767 WEAKEN_2x15`0.44299 HEAT_DMG_2x15`9,Missile,WS,Cripplefang Rocket Launcher,weapon_rocket`2`5
Cripplefang RL T4 L3,4,3,0.1250,27 7 0.05822,2,8,0,0,48,0,0,6,90,275,275,91,0.9500,789750,-0.25,1,1,1,TRUE,RL_Cripple,close,Missile,LRM,LRM20,lrm20,LRM20,Impairs Target,,STUN_2x10`0.76122 WEAKEN_2x15`0.52356 HEAT_DMG_2x15`12,Missile,WS,Cripplefang Rocket Launcher,weapon_rocket_rare`2`4
Cripplefang RL T5 L3,5,3,0.1250,39 11 0.08000,2,9,0,0,54,0,0,6,90,300,300,112,1.2000,1227758,-1.00,1,1,1,TRUE,RL_Cripple,close,Missile,LRM,LRM20,lrm20,LRM20,Impairs Target,,STUN_2x10`0.72478 WEAKEN_2x15`0.60413 HEAT_DMG_2x15`15,Missile,WS,Cripplefang Rocket Launcher,weapon_rocket_rare`2`2
,,,,,,,,,,,,,,,,,,,,,,,,,,,,,,,,,,,,,
Cripplefang RL T1 L4,1,4,0.1250,10 0 0.03250,2,5,0,0,50,0,0,10,90,200,200,80,0.2000,101250,2.00,1,1,1,TRUE,RL_Cripple,close,Missile,LRM,LRM20,lrm20,LRM20,Impairs Target,,STUN_2x10`0.84090 WEAKEN_2x15`0.47315 HEAT_DMG_2x15`4,Missile,WS,Cripplefang Rocket Launcher,weapon_rocket`3`9
Cripplefang RL T2 L4,2,4,0.1250,14 2 0.03749,2,6,0,0,60,0,0,10,90,225,225,88,0.4500,334998,1.25,1,1,1,TRUE,RL_Cripple,close,Missile,LRM,LRM20,lrm20,LRM20,Impairs Target,,STUN_2x10`0.79786 WEAKEN_2x15`0.54048 HEAT_DMG_2x15`8,Missile,WS,Cripplefang Rocket Launcher,weapon_rocket`2`7
Cripplefang RL T3 L4,3,4,0.1250,23 5 0.04790,2,7,0,0,70,0,0,10,90,250,250,106,0.7000,822228,0.50,1,1,1,TRUE,RL_Cripple,close,Missile,LRM,LRM20,lrm20,LRM20,Impairs Target,,STUN_2x10`0.75482 WEAKEN_2x15`0.60780 HEAT_DMG_2x15`12,Missile,WS,Cripplefang Rocket Launcher,weapon_rocket`2`5
Cripplefang RL T4 L4,4,4,0.1250,35 9 0.06226,2,7,0,0,70,0,0,10,90,275,275,130,0.9500,1494632,-0.25,1,1,1,TRUE,RL_Cripple,close,Missile,LRM,LRM20,lrm20,LRM20,Impairs Target,,STUN_2x10`0.71178 WEAKEN_2x15`0.67513 HEAT_DMG_2x15`16,Missile,WS,Cripplefang Rocket Launcher,weapon_rocket_rare`2`4
Cripplefang RL T5 L4,5,4,0.1250,50 15 0.08000,2,8,0,0,80,0,0,10,90,300,300,160,1.2000,2325050,-1.00,1,1,1,TRUE,RL_Cripple,close,Missile,LRM,LRM20,lrm20,LRM20,Impairs Target,,STUN_2x10`0.66874 WEAKEN_2x15`0.74245 HEAT_DMG_2x15`20,Missile,WS,Cripplefang Rocket Launcher,weapon_rocket_rare`2`2
,,,,,,,,,,,,,,,,,,,,,,,,,,,,,,,,,,,,,
,,,,,,,,,,,,,,,,,,,,,,,,,,,,,,,,,,,,,
,,,,,,,,,,,,,,,,,,,,,,,,,,,,,,,,,,,,,
"Rocket Launcher, Viper Two",,,,,,,,,,,,,,,,,,,,,,,,,,,,,,,,,,,,,
,Type,Level,Tons,Drain,Slots,Damage / Shot,per,Attack,Total Damage,,,Shots,Range,,,Total Heat,Critical Mult.,Cost,Acc.,Pjct. / Shot,Recoil,Refire,Indirect Fire,Ammo Category,Range Tag,Category,Weapon Type,Weapon Sub Type,Prefab ID,Weapon Effect ID,GUI Feature A,GUI Feature B,Specials Code,Icon Code,Maker Code,Weapon Model Name,Item Collection
,,,,,,Regular,Heat,Stability,Regular,Heat,Stability,,Min,Optimal,Max,,,,,,,,,,,,,,,,,,,,,,
Viper-2 RL T1 L1,1,1,0.0625,0 0 0.00000,1,25,0,7,25,0,7,1,0,120,180,1,0.9000,1000,2.00,1,0,1,FALSE,RL_Viper2,short,Missile,SRM,SRM6,srm6,SRM6,,,,Missile,WS,Viper-2 Rocket Launcher,weapon_rocket`3`9
Viper-2 RL T2 L1,2,1,0.0625,1 0 0.00526,1,30,0,8,30,0,8,1,0,120,195,2,1.1750,2156,1.00,1,0,1,FALSE,RL_Viper2,short,Missile,SRM,SRM6,srm6,SRM6,,,,Missile,WS,Viper-2 Rocket Launcher,weapon_rocket`2`7
Viper-2 RL T3 L1,3,1,0.0625,4 1 0.01621,1,35,0,9,35,0,9,1,0,120,210,4,1.4500,4566,0.00,1,0,1,FALSE,RL_Viper2,short,Missile,SRM,SRM6,srm6,SRM6,,,,Missile,WS,Viper-2 Rocket Launcher,weapon_rocket`2`5
Viper-2 RL T4 L1,4,1,0.0625,8 3 0.03133,1,40,0,10,40,0,10,1,0,120,225,7,1.7250,7892,-1.00,1,0,1,FALSE,RL_Viper2,short,Missile,SRM,SRM6,srm6,SRM6,,,,Missile,WS,Viper-2 Rocket Launcher,weapon_rocket_rare`2`4
Viper-2 RL T5 L1,5,1,0.0625,12 4 0.05000,1,45,0,12,45,0,12,1,0,120,240,10,2.0000,12000,-2.00,1,0,1,FALSE,RL_Viper2,short,Missile,SRM,SRM6,srm6,SRM6,,,,Missile,WS,Viper-2 Rocket Launcher,weapon_rocket_rare`2`2
,,,,,,,,,,,,,,,,,,,,,,,,,,,,,,,,,,,,,
Viper-2 RL T1 L2,1,2,0.0625,2 0 0.00833,1,33,0,9,99,0,27,3,0,120,180,7,0.9000,34419,2.00,1,0,1,FALSE,RL_Viper2,short,Missile,SRM,SRM6,srm6,SRM6,,,,Missile,WS,Viper-2 Rocket Launcher,weapon_rocket`3`9
Viper-2 RL T2 L2,2,2,0.0625,4 1 0.01271,1,40,0,10,120,0,30,3,0,120,195,10,1.1750,46134,1.00,1,0,1,FALSE,RL_Viper2,short,Missile,SRM,SRM6,srm6,SRM6,,,,Missile,WS,Viper-2 Rocket Launcher,weapon_rocket`2`7
Viper-2 RL T3 L2,3,2,0.0625,8 2 0.02184,1,47,0,12,141,0,36,3,0,120,210,17,1.4500,70553,0.00,1,0,1,FALSE,RL_Viper2,short,Missile,SRM,SRM6,srm6,SRM6,,,,Missile,WS,Viper-2 Rocket Launcher,weapon_rocket`2`5
Viper-2 RL T4 L2,4,2,0.0625,14 5 0.03444,1,53,0,14,159,0,42,3,0,120,225,26,1.7250,104253,-1.00,1,0,1,FALSE,RL_Viper2,short,Missile,SRM,SRM6,srm6,SRM6,,,,Missile,WS,Viper-2 Rocket Launcher,weapon_rocket_rare`2`4
Viper-2 RL T5 L2,5,2,0.0625,21 8 0.05000,1,60,0,15,180,0,45,3,0,120,240,37,2.0000,145873,-2.00,1,0,1,FALSE,RL_Viper2,short,Missile,SRM,SRM6,srm6,SRM6,,,,Missile,WS,Viper-2 Rocket Launcher,weapon_rocket_rare`2`2
,,,,,,,,,,,,,,,,,,,,,,,,,,,,,,,,,,,,,
Viper-2 RL T1 L3,1,3,0.1250,3 0 0.01667,2,29,0,8,174,0,48,6,0,120,180,14,0.9000,104077,2.00,1,0,1,FALSE,RL_Viper2,short,Missile,SRM,SRM6,srm6,SRM6,,,,Missile,WS,Viper-2 Rocket Launcher,weapon_rocket`3`9
Viper-2 RL T2 L3,2,3,0.1250,6 1 0.02017,2,35,0,9,210,0,54,6,0,120,195,19,1.1750,137802,1.00,1,0,1,FALSE,RL_Viper2,short,Missile,SRM,SRM6,srm6,SRM6,,,,Missile,WS,Viper-2 Rocket Launcher,weapon_rocket`2`7
Viper-2 RL T3 L3,3,3,0.1250,12 4 0.02747,2,41,0,11,246,0,66,6,0,120,210,30,1.4500,208098,0.00,1,0,1,FALSE,RL_Viper2,short,Missile,SRM,SRM6,srm6,SRM6,,,,Missile,WS,Viper-2 Rocket Launcher,weapon_rocket`2`5
Viper-2 RL T4 L3,4,3,0.1250,20 7 0.03755,2,47,0,12,282,0,72,6,0,120,225,45,1.7250,305110,-1.00,1,0,1,FALSE,RL_Viper2,short,Missile,SRM,SRM6,srm6,SRM6,,,,Missile,WS,Viper-2 Rocket Launcher,weapon_rocket_rare`2`4
Viper-2 RL T5 L3,5,3,0.1250,31 11 0.05000,2,53,0,14,318,0,84,6,0,120,240,63,2.0000,424920,-2.00,1,0,1,FALSE,RL_Viper2,short,Missile,SRM,SRM6,srm6,SRM6,,,,Missile,WS,Viper-2 Rocket Launcher,weapon_rocket_rare`2`2
,,,,,,,,,,,,,,,,,,,,,,,,,,,,,,,,,,,,,
Viper-2 RL T1 L4,1,4,0.1250,5 0 0.02500,2,25,0,7,250,0,70,10,0,120,180,20,0.9000,200210,2.00,1,0,1,FALSE,RL_Viper2,short,Missile,SRM,SRM6,srm6,SRM6,,,,Missile,WS,Viper-2 Rocket Launcher,weapon_rocket`3`9
Viper-2 RL T2 L4,2,4,0.1250,9 2 0.02763,2,30,0,8,300,0,80,10,0,120,195,27,1.1750,264308,1.00,1,0,1,FALSE,RL_Viper2,short,Missile,SRM,SRM6,srm6,SRM6,,,,Missile,WS,Viper-2 Rocket Launcher,weapon_rocket`2`7
Viper-2 RL T3 L4,3,4,0.1250,16 5 0.03311,2,35,0,9,350,0,90,10,0,120,210,43,1.4500,397916,0.00,1,0,1,FALSE,RL_Viper2,short,Missile,SRM,SRM6,srm6,SRM6,,,,Missile,WS,Viper-2 Rocket Launcher,weapon_rocket`2`5
Viper-2 RL T4 L4,4,4,0.1250,27 9 0.04066,2,40,0,10,400,0,100,10,0,120,225,64,1.7250,582303,-1.00,1,0,1,FALSE,RL_Viper2,short,Missile,SRM,SRM6,srm6,SRM6,,,,Missile,WS,Viper-2 Rocket Launcher,weapon_rocket_rare`2`4
Viper-2 RL T5 L4,5,4,0.1250,40 15 0.05000,2,45,0,12,450,0,120,10,0,120,240,90,2.0000,810020,-2.00,1,0,1,FALSE,RL_Viper2,short,Missile,SRM,SRM6,srm6,SRM6,,,,Missile,WS,Viper-2 Rocket Launcher,weapon_rocket_rare`2`2
,,,,,,,,,,,,,,,,,,,,,,,,,,,,,,,,,,,,,
,,,,,,,,,,,,,,,,,,,,,,,,,,,,,,,,,,,,,
,,,,,,,,,,,,,,,,,,,,,,,,,,,,,,,,,,,,,
"Rocket Launcher, Viper Nine",,,,,,,,,,,,,,,,,,,,,,,,,,,,,,,,,,,,,
,Type,Level,Tons,Drain,Slots,Damage / Shot,per,Attack,Total Damage,,,Shots,Range,,,Total Heat,Critical Mult.,Cost,Acc.,Pjct. / Shot,Recoil,Refire,Indirect Fire,Ammo Category,Range Tag,Category,Weapon Type,Weapon Sub Type,Prefab ID,Weapon Effect ID,GUI Feature A,GUI Feature B,Specials Code,Icon Code,Maker Code,Weapon Model Name,Item Collection
,,,,,,Regular,Heat,Stability,Regular,Heat,Stability,,Min,Optimal,Max,,,,,,,,,,,,,,,,,,,,,,
Viper-9 RL T1 L1,1,1,0.0625,0 0 0.00000,1,8,0,2,16,0,4,2,120,320,800,1,0.9000,2000,2.00,1,0,1,TRUE,RL_Viper9,extreme,Missile,LRM,LRM20,lrm20,LRM20,,,,Missile,WS,Viper-9 Rocket Launcher,weapon_rocket`3`9
Viper-9 RL T2 L1,2,1,0.0625,2 1 0.00526,1,10,0,3,20,0,6,2,120,320,900,2,1.1750,3267,1.00,1,0,1,TRUE,RL_Viper9,extreme,Missile,LRM,LRM20,lrm20,LRM20,,,,Missile,WS,Viper-9 Rocket Launcher,weapon_rocket`2`7
Viper-9 RL T3 L1,3,1,0.0625,5 3 0.01621,1,11,0,3,22,0,6,2,120,320,1000,4,1.4500,5907,0.00,1,0,1,TRUE,RL_Viper9,extreme,Missile,LRM,LRM20,lrm20,LRM20,,,,Missile,WS,Viper-9 Rocket Launcher,weapon_rocket`2`5
Viper-9 RL T4 L1,4,1,0.0625,10 6 0.03133,1,13,0,4,26,0,8,2,120,320,1100,7,1.7250,9550,-1.00,1,0,1,TRUE,RL_Viper9,extreme,Missile,LRM,LRM20,lrm20,LRM20,,,,Missile,WS,Viper-9 Rocket Launcher,weapon_rocket_rare`2`4
Viper-9 RL T5 L1,5,1,0.0625,16 10 0.05000,1,14,0,4,28,0,8,2,120,320,1200,10,2.0000,14050,-2.00,1,0,1,TRUE,RL_Viper9,extreme,Missile,LRM,LRM20,lrm20,LRM20,,,,Missile,WS,Viper-9 Rocket Launcher,weapon_rocket_rare`2`2
,,,,,,,,,,,,,,,,,,,,,,,,,,,,,,,,,,,,,
Viper-9 RL T1 L2,1,2,0.0625,3 1 0.00833,1,11,0,3,66,0,18,6,120,320,800,7,0.9000,89577,2.00,1,0,1,TRUE,RL_Viper9,extreme,Missile,LRM,LRM20,lrm20,LRM20,,,,Missile,WS,Viper-9 Rocket Launcher,weapon_rocket`3`9
Viper-9 RL T2 L2,2,2,0.0625,6 3 0.01271,1,13,0,4,78,0,24,6,120,320,900,10,1.1750,110045,1.00,1,0,1,TRUE,RL_Viper9,extreme,Missile,LRM,LRM20,lrm20,LRM20,,,,Missile,WS,Viper-9 Rocket Launcher,weapon_rocket`2`7
Viper-9 RL T3 L2,3,2,0.0625,12 5 0.02184,1,15,0,4,90,0,24,6,120,320,1000,17,1.4500,152708,0.00,1,0,1,TRUE,RL_Viper9,extreme,Missile,LRM,LRM20,lrm20,LRM20,,,,Missile,WS,Viper-9 Rocket Launcher,weapon_rocket`2`5
Viper-9 RL T4 L2,4,2,0.0625,20 9 0.03444,1,17,0,5,102,0,30,6,120,320,1100,26,1.7250,211586,-1.00,1,0,1,TRUE,RL_Viper9,extreme,Missile,LRM,LRM20,lrm20,LRM20,,,,Missile,WS,Viper-9 Rocket Launcher,weapon_rocket_rare`2`4
Viper-9 RL T5 L2,5,2,0.0625,31 13 0.05000,1,19,0,5,114,0,30,6,120,320,1200,37,2.0000,284300,-2.00,1,0,1,TRUE,RL_Viper9,extreme,Missile,LRM,LRM20,lrm20,LRM20,,,,Missile,WS,Viper-9 Rocket Launcher,weapon_rocket_rare`2`2
,,,,,,,,,,,,,,,,,,,,,,,,,,,,,,,,,,,,,
Viper-9 RL T1 L3,1,3,0.1250,7 3 0.01667,2,9,0,3,108,0,36,12,120,320,800,14,0.9000,272124,2.00,1,0,1,TRUE,RL_Viper9,extreme,Missile,LRM,LRM20,lrm20,LRM20,,,,Missile,WS,Viper-9 Rocket Launcher,weapon_rocket`3`9
Viper-9 RL T2 L3,2,3,0.1250,11 4 0.02017,2,11,0,3,132,0,36,12,120,320,900,19,1.1750,332615,1.00,1,0,1,TRUE,RL_Viper9,extreme,Missile,LRM,LRM20,lrm20,LRM20,,,,Missile,WS,Viper-9 Rocket Launcher,weapon_rocket`2`7
Viper-9 RL T3 L3,3,3,0.1250,19 7 0.02747,2,13,0,4,156,0,48,12,120,320,1000,30,1.4500,458704,0.00,1,0,1,TRUE,RL_Viper9,extreme,Missile,LRM,LRM20,lrm20,LRM20,,,,Missile,WS,Viper-9 Rocket Launcher,weapon_rocket`2`5
Viper-9 RL T4 L3,4,3,0.1250,31 11 0.03755,2,15,0,4,180,0,48,12,120,320,1100,45,1.7250,632713,-1.00,1,0,1,TRUE,RL_Viper9,extreme,Missile,LRM,LRM20,lrm20,LRM20,,,,Missile,WS,Viper-9 Rocket Launcher,weapon_rocket_rare`2`4
Viper-9 RL T5 L3,5,3,0.1250,45 17 0.05000,2,17,0,5,204,0,60,12,120,320,1200,63,2.0000,847614,-2.00,1,0,1,TRUE,RL_Viper9,extreme,Missile,LRM,LRM20,lrm20,LRM20,,,,Missile,WS,Viper-9 Rocket Launcher,weapon_rocket_rare`2`2
,,,,,,,,,,,,,,,,,,,,,,,,,,,,,,,,,,,,,
Viper-9 RL T1 L4,1,4,0.1250,10 4 0.02500,2,8,0,2,160,0,40,20,120,320,800,20,0.9000,524050,2.00,1,0,1,TRUE,RL_Viper9,extreme,Missile,LRM,LRM20,lrm20,LRM20,,,,Missile,WS,Viper-9 Rocket Launcher,weapon_rocket`3`9
Viper-9 RL T2 L4,2,4,0.1250,15 6 0.02763,2,10,0,3,200,0,60,20,120,320,900,27,1.1750,639775,1.00,1,0,1,TRUE,RL_Viper9,extreme,Missile,LRM,LRM20,lrm20,LRM20,,,,Missile,WS,Viper-9 Rocket Launcher,weapon_rocket`2`7
Viper-9 RL T3 L4,3,4,0.1250,26 9 0.03311,2,11,0,3,220,0,60,20,120,320,1000,43,1.4500,880995,0.00,1,0,1,TRUE,RL_Viper9,extreme,Missile,LRM,LRM20,lrm20,LRM20,,,,Missile,WS,Viper-9 Rocket Launcher,weapon_rocket`2`5
Viper-9 RL T4 L4,4,4,0.1250,41 14 0.04066,2,13,0,4,260,0,80,20,120,320,1100,64,1.7250,1213893,-1.00,1,0,1,TRUE,RL_Viper9,extreme,Missile,LRM,LRM20,lrm20,LRM20,,,,Missile,WS,Viper-9 Rocket Launcher,weapon_rocket_rare`2`4
Viper-9 RL T5 L4,5,4,0.1250,60 20 0.05000,2,14,0,4,280,0,80,20,120,320,1200,90,2.0000,1625020,-2.00,1,0,1,TRUE,RL_Viper9,extreme,Missile,LRM,LRM20,lrm20,LRM20,,,,Missile,WS,Viper-9 Rocket Launcher,weapon_rocket_rare`2`2
,,,,,,,,,,,,,,,,,,,,,,,,,,,,,,,,,,,,,
,,,,,,,,,,,,,,,,,,,,,,,,,,,,,,,,,,,,,
,,,,,,,,,,,,,,,,,,,,,,,,,,,,,,,,,,,,,
"Laser, Magi-Laser",,,,,,,,,,,,,,,,,,,,,,,,,,,,,,,,,,,,,
,Type,Level,Tons,Drain,Slots,Damage / Shot,per,Attack,Total Damage,,,Shots,Range,,,Total Heat,Critical Mult.,Cost,Acc.,Pjct. / Shot,Recoil,Refire,Indirect Fire,Ammo Category,Range Tag,Category,Weapon Type,Weapon Sub Type,Prefab ID,Weapon Effect ID,GUI Feature A,GUI Feature B,Specials Code,Icon Code,Maker Code,Weapon Model Name,Item Collection
,,,,,,Regular,Heat,Stability,Regular,Heat,Stability,,Min,Optimal,Max,,,,,,,,,,,,,,,,,,,,,,
Magi-Laser A-Light 1x T1,1,0.525,0.0000,0 0 0.00000,1,24,1,0,24,1,0,1,0,0,800,5,0.2500,25025,-1.00,1,0,0,FALSE,NotSet,extreme,Energy,Laser,SmallLaser,Laser,Laser_Small,,,,Energy,WS,Magical Tactical Combat Laser,weapon_energy_laser`3`9
Magi-Laser A-Light 1x T2,2,0.525,0.0000,0 0 0.00160,1,27,2,0,27,2,0,1,0,0,850,6,0.4125,29402,-1.50,1,0,0,FALSE,NotSet,extreme,Energy,Laser,SmallLaser,Laser,Laser_Small,,,,Energy,WS,Magical Tactical Combat Laser,weapon_energy_laser`2`7
Magi-Laser A-Light 1x T3,3,0.525,0.0000,1 0 0.00494,1,30,3,0,30,3,0,1,0,0,900,10,0.5750,42531,-2.00,1,0,0,FALSE,NotSet,extreme,Energy,Laser,SmallLaser,Laser,Laser_Small,,,,Energy,WS,Magical Tactical Combat Laser,weapon_energy_laser`2`5
Magi-Laser A-Light 1x T4,4,0.525,0.0000,3 0 0.00956,1,33,4,0,33,4,0,1,0,0,950,16,0.7375,64414,-2.50,1,0,0,FALSE,NotSet,extreme,Energy,Laser,SmallLaser,Laser,Laser_Small,,,,Energy,WS,Magical Tactical Combat Laser,weapon_energy_laser_rare`2`4
Magi-Laser A-Light 1x T5,5,0.525,0.0000,8 0 0.01525,1,36,5,0,36,5,0,1,0,0,1000,25,0.9000,95050,-3.00,1,0,0,FALSE,NotSet,extreme,Energy,Laser,SmallLaser,Laser,Laser_Small,,,,Energy,WS,Magical Tactical Combat Laser,weapon_energy_laser_rare`2`2
,,,,,,,,,,,,,,,,,,,,,,,,,,,,,,,,,,,,,
Magi-Laser B-Medium 1x T1,1,0.825,0.0625,0 0 0.00000,1,50,4,0,50,4,0,1,0,0,360,10,0.8000,60250,-1.00,1,0,0,FALSE,NotSet,long,Energy,Laser,MediumLaser,Laser,Laser_Medium,,,,Energy,WS,Magical Tactical Combat Laser,weapon_energy_laser`3`9
Magi-Laser B-Medium 1x T2,2,0.825,0.0625,1 0 0.00328,1,54,5,0,54,5,0,1,0,0,390,12,1.0750,78438,-1.50,1,0,0,FALSE,NotSet,long,Energy,Laser,MediumLaser,Laser,Laser_Medium,,,,Energy,WS,Magical Tactical Combat Laser,weapon_energy_laser`2`7
Magi-Laser B-Medium 1x T3,3,0.825,0.0625,2 1 0.01013,1,58,6,0,58,6,0,1,0,0,420,18,1.3500,133000,-2.00,1,0,0,FALSE,NotSet,long,Energy,Laser,MediumLaser,Laser,Laser_Medium,,,,Energy,WS,Magical Tactical Combat Laser,weapon_energy_laser`2`5
Magi-Laser B-Medium 1x T4,4,0.825,0.0625,7 1 0.01958,1,62,7,0,62,7,0,1,0,0,450,27,1.6250,223938,-2.50,1,0,0,FALSE,NotSet,long,Energy,Laser,MediumLaser,Laser,Laser_Medium,,,,Energy,WS,Magical Tactical Combat Laser,weapon_energy_laser_rare`2`4
Magi-Laser B-Medium 1x T5,5,0.825,0.0625,16 2 0.03125,1,66,8,0,66,8,0,1,0,0,480,40,1.9000,351250,-3.00,1,0,0,FALSE,NotSet,long,Energy,Laser,MediumLaser,Laser,Laser_Medium,,,,Energy,WS,Magical Tactical Combat Laser,weapon_energy_laser_rare`2`2
,,,,,,,,,,,,,,,,,,,,,,,,,,,,,,,,,,,,,
Magi-Laser C-Heavy 1x T1,1,1.4,0.1250,0 0 0.00000,1,70,8,0,70,8,0,1,0,0,250,16,2.0000,190325,-1.00,1,0,0,FALSE,NotSet,medium,Energy,Laser,LargeLaser,Laser,Laser_Large,,,,Energy,WS,Magical Tactical Combat Laser,weapon_energy_laser`3`9
Magi-Laser C-Heavy 1x T2,2,1.4,0.1250,1 1 0.00623,1,75,9,0,75,9,0,1,0,0,275,19,2.7500,237906,-1.50,1,0,0,FALSE,NotSet,medium,Energy,Laser,LargeLaser,Laser,Laser_Large,,,,Energy,WS,Magical Tactical Combat Laser,weapon_energy_laser`2`7
Magi-Laser C-Heavy 1x T3,3,1.4,0.1250,5 2 0.01921,1,80,10,0,80,10,0,1,0,0,300,28,3.5000,380650,-2.00,1,0,0,FALSE,NotSet,medium,Energy,Laser,LargeLaser,Laser,Laser_Large,,,,Energy,WS,Magical Tactical Combat Laser,weapon_energy_laser`2`5
Magi-Laser C-Heavy 1x T4,4,1.4,0.1250,14 3 0.03712,1,85,11,0,85,11,0,1,0,0,325,44,4.2500,618556,-2.50,1,0,0,FALSE,NotSet,medium,Energy,Laser,LargeLaser,Laser,Laser_Large,,,,Energy,WS,Magical Tactical Combat Laser,weapon_energy_laser_rare`2`4
Magi-Laser C-Heavy 1x T5,5,1.4,0.1250,33 5 0.05925,1,90,12,0,90,12,0,1,0,0,350,65,5.0000,951625,-3.00,1,0,0,FALSE,NotSet,medium,Energy,Laser,LargeLaser,Laser,Laser_Large,,,,Energy,WS,Magical Tactical Combat Laser,weapon_energy_laser_rare`2`2
,,,,,,,,,,,,,,,,,,,,,,,,,,,,,,,,,,,,,
Magi-Laser D-Light 3x T1,1,2,0.0000,0 0 0.01525,2,24,1,0,72,3,0,3,0,0,800,15,0.2500,75075,-1.00,1,0,0,FALSE,NotSet,extreme,Energy,Laser,SmallLaser,Laser,Laser_Small,3x Weapon,,,Energy,WS,Magical Tactical Combat Laser,weapon_energy_laser`1`6
Magi-Laser D-Light 3x T2,2,2,0.0000,1 0 0.02006,2,27,2,0,81,6,0,3,0,0,850,19,0.4125,88206,-1.50,1,0,0,FALSE,NotSet,extreme,Energy,Laser,SmallLaser,Laser,Laser_Small,3x Weapon,,,Energy,WS,Magical Tactical Combat Laser,weapon_energy_laser`1`5
Magi-Laser D-Light 3x T3,3,2,0.0000,3 0 0.03008,2,30,3,0,90,9,0,3,0,0,900,30,0.5750,127593,-2.00,1,0,0,FALSE,NotSet,extreme,Energy,Laser,SmallLaser,Laser,Laser_Small,3x Weapon,,,Energy,WS,Magical Tactical Combat Laser,weapon_energy_laser`1`4
Magi-Laser D-Light 3x T4,4,2,0.0000,10 0 0.04392,2,33,4,0,99,12,0,3,0,0,950,49,0.7375,193242,-2.50,1,0,0,FALSE,NotSet,extreme,Energy,Laser,SmallLaser,Laser,Laser_Small,3x Weapon,,,Energy,WS,Magical Tactical Combat Laser,weapon_energy_laser_rare`1`3
Magi-Laser D-Light 3x T5,5,2,0.0000,25 0 0.06100,2,36,5,0,108,15,0,3,0,0,1000,75,0.9000,285150,-3.00,1,0,0,FALSE,NotSet,extreme,Energy,Laser,SmallLaser,Laser,Laser_Small,3x Weapon,,,Energy,WS,Magical Tactical Combat Laser,weapon_energy_laser_rare`1`2
,,,,,,,,,,,,,,,,,,,,,,,,,,,,,,,,,,,,,
Magi-Laser E-Medium 3x T1,1,0.825,0.1250,0 0 0.03125,2,50,4,0,150,12,0,3,0,0,360,30,0.8000,180750,-1.00,1,0,0,FALSE,NotSet,long,Energy,Laser,MediumLaser,Laser,Laser_Medium,3x Weapon,,,Energy,WS,Magical Tactical Combat Laser,weapon_energy_laser`1`6
Magi-Laser E-Medium 3x T2,2,0.825,0.1250,2 1 0.04110,2,54,5,0,162,15,0,3,0,0,390,36,1.0750,235314,-1.50,1,0,0,FALSE,NotSet,long,Energy,Laser,MediumLaser,Laser,Laser_Medium,3x Weapon,,,Energy,WS,Magical Tactical Combat Laser,weapon_energy_laser`1`5
Magi-Laser E-Medium 3x T3,3,0.825,0.1250,7 2 0.06164,2,58,6,0,174,18,0,3,0,0,420,53,1.3500,399000,-2.00,1,0,0,FALSE,NotSet,long,Energy,Laser,MediumLaser,Laser,Laser_Medium,3x Weapon,,,Energy,WS,Magical Tactical Combat Laser,weapon_energy_laser`1`4
Magi-Laser E-Medium 3x T4,4,0.825,0.1250,20 4 0.08999,2,62,7,0,186,21,0,3,0,0,450,81,1.6250,671814,-2.50,1,0,0,FALSE,NotSet,long,Energy,Laser,MediumLaser,Laser,Laser_Medium,3x Weapon,,,Energy,WS,Magical Tactical Combat Laser,weapon_energy_laser_rare`1`3
Magi-Laser E-Medium 3x T5,5,0.825,0.1250,48 6 0.12500,2,66,8,0,198,24,0,3,0,0,480,120,1.9000,1053750,-3.00,1,0,0,FALSE,NotSet,long,Energy,Laser,MediumLaser,Laser,Laser_Medium,3x Weapon,,,Energy,WS,Magical Tactical Combat Laser,weapon_energy_laser_rare`1`2
,,,,,,,,,,,,,,,,,,,,,,,,,,,,,,,,,,,,,
Magi-Laser F-Heavy 3x T1,1,1.4,0.2500,0 0 0.05925,2,70,8,0,210,24,0,3,0,0,250,48,2.0000,570975,-1.00,1,0,0,FALSE,NotSet,medium,Energy,Laser,LargeLaser,Laser,Laser_Large,3x Weapon,,,Energy,WS,Magical Tactical Combat Laser,weapon_energy_laser`1`6
Magi-Laser F-Heavy 3x T2,2,1.4,0.2500,3 2 0.07793,2,75,9,0,225,27,0,3,0,0,275,57,2.7500,713718,-1.50,1,0,0,FALSE,NotSet,medium,Energy,Laser,LargeLaser,Laser,Laser_Large,3x Weapon,,,Energy,WS,Magical Tactical Combat Laser,weapon_energy_laser`1`5
Magi-Laser F-Heavy 3x T3,3,1.4,0.2500,14 5 0.11688,2,80,10,0,240,30,0,3,0,0,300,85,3.5000,1141950,-2.00,1,0,0,FALSE,NotSet,medium,Energy,Laser,LargeLaser,Laser,Laser_Large,3x Weapon,,,Energy,WS,Magical Tactical Combat Laser,weapon_energy_laser`1`4
Magi-Laser F-Heavy 3x T4,4,1.4,0.2500,41 9 0.17062,2,85,11,0,255,33,0,3,0,0,325,131,4.2500,1855668,-2.50,1,0,0,FALSE,NotSet,medium,Energy,Laser,LargeLaser,Laser,Laser_Large,3x Weapon,,,Energy,WS,Magical Tactical Combat Laser,weapon_energy_laser_rare`1`3
Magi-Laser F-Heavy 3x T5,5,1.4,0.2500,98 15 0.23700,2,90,12,0,270,36,0,3,0,0,350,195,5.0000,2854875,-3.00,1,0,0,FALSE,NotSet,medium,Energy,Laser,LargeLaser,Laser,Laser_Large,3x Weapon,,,Energy,WS,Magical Tactical Combat Laser,weapon_energy_laser_rare`1`2
,,,,,,,,,,,,,,,,,,,,,,,,,,,,,,,,,,,,,
,,,,,,,,,,,,,,,,,,,,,,,,,,,,,,,,,,,,,
,,,,,,,,,,,,,,,,,,,,,,,,,,,,,,,,,,,,,
"Cannon, Breaker",,,,,,,,,,,,,,,,,,,,,,,,,,,,,,,,,,,,,
,Type,Level,Tons,Drain,Slots,Damage / Shot,per,Attack,Total Damage,,,Shots,Range,,,Total Heat,Critical Mult.,Cost,Acc.,Pjct. / Shot,Recoil,Refire,Indirect Fire,Ammo Category,Range Tag,Category,Weapon Type,Weapon Sub Type,Prefab ID,Weapon Effect ID,GUI Feature A,GUI Feature B,Specials Code,Icon Code,Maker Code,Weapon Model Name,Item Collection
,,,,,,Regular,Heat,Stability,Regular,Heat,Stability,,Min,Optimal,Max,,,,,,,,,,,,,,,,,,,,,,
Breaker Cannon A-Light T1,1,10,0.0625,4 0 0.01000,1,32,0,5,32,0,5,1,0,250,700,8,0.8000,36020,0.00,1,0,0,FALSE,NotSet,long,Energy,Gauss,Gauss,Gauss,GaussRifle,,,,Energy,WS,Breaker Cannon,weapon_energy_non-laser`3`9
Breaker Cannon A-Light T2,2,10,0.0625,5 0 0.01500,1,37,0,7,37,0,7,1,0,250,750,14,1.0000,43145,-0.38,1,0,0,FALSE,NotSet,long,Energy,Gauss,Gauss,Gauss,GaussRifle,,,,Energy,WS,Breaker Cannon,weapon_energy_non-laser`2`7
Breaker Cannon A-Light T3,3,10,0.0625,7 1 0.02414,1,41,0,9,41,0,9,1,0,250,800,19,1.2000,64520,-0.75,1,0,0,FALSE,NotSet,long,Energy,Gauss,Gauss,Gauss,GaussRifle,,,,Energy,WS,Breaker Cannon,weapon_energy_non-laser`2`5
Breaker Cannon A-Light T4,4,10,0.0625,11 2 0.03598,1,46,0,10,46,0,10,1,0,250,850,25,1.4000,100145,-1.13,1,0,0,FALSE,NotSet,long,Energy,Gauss,Gauss,Gauss,GaussRifle,,,,Energy,WS,Breaker Cannon,weapon_energy_non-laser_rare`2`4
Breaker Cannon A-Light T5,5,10,0.0625,16 4 0.05000,1,50,0,12,50,0,12,1,0,250,900,30,1.6000,150020,-1.50,1,0,0,FALSE,NotSet,long,Energy,Gauss,Gauss,Gauss,GaussRifle,,,,Energy,WS,Breaker Cannon,weapon_energy_non-laser_rare`2`2
,,,,,,,,,,,,,,,,,,,,,,,,,,,,,,,,,,,,,
Breaker Cannon B-Medium T1,1,10,0.0625,6 0 0.01500,1,60,0,8,60,0,8,1,0,100,350,12,0.8000,54030,0.00,1,0,0,FALSE,NotSet,medium,Energy,Gauss,Gauss,Gauss,GaussRifle,,,,Energy,WS,Breaker Cannon,weapon_energy_non-laser`3`9
Breaker Cannon B-Medium T2,2,10,0.0625,7 0 0.02250,1,66,0,10,66,0,10,1,0,100,400,20,1.0000,64718,-0.38,1,0,0,FALSE,NotSet,medium,Energy,Gauss,Gauss,Gauss,GaussRifle,,,,Energy,WS,Breaker Cannon,weapon_energy_non-laser`2`7
Breaker Cannon B-Medium T3,3,10,0.0625,11 2 0.03621,1,73,0,12,73,0,12,1,0,100,450,29,1.2000,96780,-0.75,1,0,0,FALSE,NotSet,medium,Energy,Gauss,Gauss,Gauss,GaussRifle,,,,Energy,WS,Breaker Cannon,weapon_energy_non-laser`2`5
Breaker Cannon B-Medium T4,4,10,0.0625,16 3 0.05397,1,79,0,14,79,0,14,1,0,100,500,37,1.4000,150218,-1.13,1,0,0,FALSE,NotSet,medium,Energy,Gauss,Gauss,Gauss,GaussRifle,,,,Energy,WS,Breaker Cannon,weapon_energy_non-laser_rare`2`4
Breaker Cannon B-Medium T5,5,10,0.0625,24 6 0.07500,1,85,0,16,85,0,16,1,0,100,550,45,1.6000,225030,-1.50,1,0,0,FALSE,NotSet,medium,Energy,Gauss,Gauss,Gauss,GaussRifle,,,,Energy,WS,Breaker Cannon,weapon_energy_non-laser_rare`2`2
,,,,,,,,,,,,,,,,,,,,,,,,,,,,,,,,,,,,,
Breaker Cannon C-Heavy T1,1,10,0.0625,8 0 0.02000,1,85,0,10,85,0,10,1,0,0,250,16,0.8000,90050,0.00,1,0,0,FALSE,NotSet,short,Energy,Gauss,Gauss,Gauss,GaussRifle,,,,Energy,WS,Breaker Cannon,weapon_energy_non-laser`3`9
Breaker Cannon C-Heavy T2,2,10,0.0625,10 1 0.03000,1,95,0,13,95,0,13,1,0,0,275,27,1.0000,107863,-0.38,1,0,0,FALSE,NotSet,short,Energy,Gauss,Gauss,Gauss,GaussRifle,,,,Energy,WS,Breaker Cannon,weapon_energy_non-laser`2`7
Breaker Cannon C-Heavy T3,3,10,0.0625,14 2 0.04828,1,105,0,15,105,0,15,1,0,0,300,38,1.2000,161300,-0.75,1,0,0,FALSE,NotSet,short,Energy,Gauss,Gauss,Gauss,GaussRifle,,,,Energy,WS,Breaker Cannon,weapon_energy_non-laser`2`5
Breaker Cannon C-Heavy T4,4,10,0.0625,22 5 0.07196,1,115,0,18,115,0,18,1,0,0,325,49,1.4000,250363,-1.13,1,0,0,FALSE,NotSet,short,Energy,Gauss,Gauss,Gauss,GaussRifle,,,,Energy,WS,Breaker Cannon,weapon_energy_non-laser_rare`2`4
Breaker Cannon C-Heavy T5,5,10,0.0625,32 8 0.10000,1,125,0,20,125,0,20,1,0,0,350,60,1.6000,375050,-1.50,1,0,0,FALSE,NotSet,short,Energy,Gauss,Gauss,Gauss,GaussRifle,,,,Energy,WS,Breaker Cannon,weapon_energy_non-laser_rare`2`2
,,,,,,,,,,,,,,,,,,,,,,,,,,,,,,,,,,,,,
,,,,,,,,,,,,,,,,,,,,,,,,,,,,,,,,,,,,,
,,,,,,,,,,,,,,,,,,,,,,,,,,,,,,,,,,,,,
"Cannon, Magi-Nerf",,,,,,,,,,,,,,,,,,,,,,,,,,,,,,,,,,,,,
,Type,Level,Tons,Drain,Slots,Damage / Shot,per,Attack,Total Damage,,,Shots,Range,,,Total Heat,Critical Mult.,Cost,Acc.,Pjct. / Shot,Recoil,Refire,Indirect Fire,Ammo Category,Range Tag,Category,Weapon Type,Weapon Sub Type,Prefab ID,Weapon Effect ID,GUI Feature A,GUI Feature B,Specials Code,Icon Code,Maker Code,Weapon Model Name,Item Collection
,,,,,,Regular,Heat,Stability,Regular,Heat,Stability,,Min,Optimal,Max,,,,,,,,,,,,,,,,,,,,,,
Magi-Nerf Cannon T1,1,10,0.0625,0 0 0.00000,1,80,3,0,80,3,0,1,90,200,400,20,1.0000,32050,0.00,1,0,1,FALSE,NotSet,long,Energy,PPC,PPC,PPC,PPC,Curse Attack Dmg,Curse Range,NERF_DAMAGE_2x5`0.80000 NERF_RANGE_2x8`60,Energy,WS,Magi-Nerf Cannon,weapon_energy_non-laser`3`9
Magi-Nerf Cannon T2,2,10,0.0625,1 1 0.01250,1,90,4,0,90,4,0,1,90,200,450,28,1.3750,37563,-0.63,1,0,1,FALSE,NotSet,long,Energy,PPC,PPC,PPC,PPC,Curse Attack Dmg,Curse Range,NERF_DAMAGE_2x5`0.72500 NERF_RANGE_2x8`90,Energy,WS,Magi-Nerf Cannon,weapon_energy_non-laser`2`7
Magi-Nerf Cannon T3,3,10,0.0625,4 2 0.03536,1,100,4,0,100,4,0,1,90,200,500,35,1.7500,54100,-1.25,1,0,1,FALSE,NotSet,long,Energy,PPC,PPC,PPC,PPC,Curse Attack Dmg,Curse Range,NERF_DAMAGE_2x5`0.65000 NERF_RANGE_2x8`120,Energy,WS,Magi-Nerf Cannon,weapon_energy_non-laser`2`5
Magi-Nerf Cannon T4,4,10,0.0625,9 5 0.06495,1,110,5,0,110,5,0,1,90,200,550,43,2.1250,81663,-1.88,1,0,1,FALSE,NotSet,long,Energy,PPC,PPC,PPC,PPC,Curse Attack Dmg,Curse Range,NERF_DAMAGE_2x5`0.57500 NERF_RANGE_2x8`150,Energy,WS,Magi-Nerf Cannon,weapon_energy_non-laser_rare`2`4
Magi-Nerf Cannon T5,5,10,0.0625,16 8 0.10000,1,120,5,0,120,5,0,1,90,200,600,50,2.5000,120250,-2.50,1,0,1,FALSE,NotSet,long,Energy,PPC,PPC,PPC,PPC,Curse Attack Dmg,Curse Range,NERF_DAMAGE_2x5`0.50000 NERF_RANGE_2x8`180,Energy,WS,Magi-Nerf Cannon,weapon_energy_non-laser_rare`2`2
,,,,,,,,,,,,,,,,,,,,,,,,,,,,,,,,,,,,,
,,,,,,,,,,,,,,,,,,,,,,,,,,,,,,,,,,,,,
,,,,,,,,,,,,,,,,,,,,,,,,,,,,,,,,,,,,,
"Cannon, Plasma Ball",,,,,,,,,,,,,,,,,,,,,,,,,,,,,,,,,,,,,
,Type,Level,Tons,Drain,Slots,Damage / Shot,per,Attack,Total Damage,,,Shots,Range,,,Total Heat,Critical Mult.,Cost,Acc.,Pjct. / Shot,Recoil,Refire,Indirect Fire,Ammo Category,Range Tag,Category,Weapon Type,Weapon Sub Type,Prefab ID,Weapon Effect ID,GUI Feature A,GUI Feature B,Specials Code,Icon Code,Maker Code,Weapon Model Name,Item Collection
,,,,,,Regular,Heat,Stability,Regular,Heat,Stability,,Min,Optimal,Max,,,,,,,,,,,,,,,,,,,,,,
Plasma Ball Cannon T1,1,10,0.0625,0 0 0.00000,1,0,30,0,0,30,0,1,150,150,300,10,0.0000,32050,0.00,1,0,2,FALSE,NotSet,medium,Energy,PPC,PPC,PPC,PPC,Melts Target,,HEAT_DMG_5x3`30,Energy,WS,Plasma Ball Cannon,weapon_energy_non-laser`3`9
Plasma Ball Cannon T2,2,10,0.0625,1 1 0.01250,1,0,35,0,0,35,0,1,150,170,325,12,0.0000,37563,-0.63,1,0,2,FALSE,NotSet,medium,Energy,PPC,PPC,PPC,PPC,Melts Target,,HEAT_DMG_5x3`35,Energy,WS,Plasma Ball Cannon,weapon_energy_non-laser`2`7
Plasma Ball Cannon T3,3,10,0.0625,4 2 0.03536,1,0,40,0,0,40,0,1,150,190,350,18,0.0000,54100,-1.25,1,0,2,FALSE,NotSet,medium,Energy,PPC,PPC,PPC,PPC,Melts Target,,HEAT_DMG_5x3`40,Energy,WS,Plasma Ball Cannon,weapon_energy_non-laser`2`5
Plasma Ball Cannon T4,4,10,0.0625,9 5 0.06495,1,0,45,0,0,45,0,1,150,210,375,27,0.0000,81663,-1.88,1,0,2,FALSE,NotSet,medium,Energy,PPC,PPC,PPC,PPC,Melts Target,,HEAT_DMG_5x3`45,Energy,WS,Plasma Ball Cannon,weapon_energy_non-laser_rare`2`4
Plasma Ball Cannon T5,5,10,0.0625,16 8 0.10000,1,0,50,0,0,50,0,1,150,230,400,40,0.0000,120250,-2.50,1,0,2,FALSE,NotSet,medium,Energy,PPC,PPC,PPC,PPC,Melts Target,,HEAT_DMG_5x3`50,Energy,WS,Plasma Ball Cannon,weapon_energy_non-laser_rare`2`2
,,,,,,,,,,,,,,,,,,,,,,,,,,,,,,,,,,,,,
,,,,,,,,,,,,,,,,,,,,,,,,,,,,,,,,,,,,,
,,,,,,,,,,,,,,,,,,,,,,,,,,,,,,,,,,,,,
"Machine Gun, Enforcer",,,,,,,,,,,,,,,,,,,,,,,,,,,,,,,,,,,,,
,Type,Level,Tons,Drain,Slots,Damage / Shot,per,Attack,Total Damage,,,Shots,Range,,,Total Heat,Critical Mult.,Cost,Acc.,Pjct. / Shot,Recoil,Refire,Indirect Fire,Ammo Category,Range Tag,Category,Weapon Type,Weapon Sub Type,Prefab ID,Weapon Effect ID,GUI Feature A,GUI Feature B,Specials Code,Icon Code,Maker Code,Weapon Model Name,Item Collection
,,,,,,Regular,Heat,Stability,Regular,Heat,Stability,,Min,Optimal,Max,,,,,,,,,,,,,,,,,,,,,,
Enforcer UK-MG T1,1, ,0.0000,0 0 0.00000,1,7,0,0,21,0,0,3,0,0,120,0,1.7000,5020,0,1,0,0,FALSE,MG_UltraK,short,Support,MG,MachineGun,MachineGun,MachineGun,,,,Support,WS,Enforcer Ultra-Kinetic Machine Gun,weapon_ballistic`3`9
Enforcer UK-MG T2,2,,0.0000,1 0 0.00625,1,8,0,0,25,0,0,3,0,0,130,0,1.9000,6277,0,1,0,0,FALSE,MG_UltraK,short,Support,MG,MachineGun,MachineGun,MachineGun,,,,Support,WS,Enforcer Ultra-Kinetic Machine Gun,weapon_ballistic`2`7
Enforcer UK-MG T3,3,,0.0000,3 0 0.01768,1,10,0,0,31,0,0,3,0,0,140,0,2.1000,10028,0,1,0,0,FALSE,MG_UltraK,short,Support,MG,MachineGun,MachineGun,MachineGun,,,,Support,WS,Enforcer Ultra-Kinetic Machine Gun,weapon_ballistic`1`5
Enforcer UK-MG T4,4,,0.0000,7 0 0.03248,1,13,0,0,39,0,0,3,0,0,150,0,2.3000,16289,0,1,0,0,FALSE,MG_UltraK,short,Support,MG,MachineGun,MachineGun,MachineGun,,,,Support,WS,Enforcer Ultra-Kinetic Machine Gun,weapon_ballistic_rare`1`4
Enforcer UK-MG T5,5,,0.0000,12 0 0.05000,1,16,0,0,48,0,0,3,0,0,160,0,2.5000,25050,0,1,0,0,FALSE,MG_UltraK,short,Support,MG,MachineGun,MachineGun,MachineGun,,,,Support,WS,Enforcer Ultra-Kinetic Machine Gun,weapon_ballistic_rare`1`3
,,,,,,,,,,,,,,,,,,,,,,,,,,,,,,,,,,,,,
,,,,,,,,,,,,,,,,,,,,,,,,,,,,,,,,,,,,,
,,,,,,,,,,,,,,,,,,,,,,,,,,,,,,,,,,,,,
"Laser, Holdout",,,,,,,,,,,,,,,,,,,,,,,,,,,,,,,,,,,,,
,Type,Level,Tons,Drain,Slots,Damage / Shot,per,Attack,Total Damage,,,Shots,Range,,,Total Heat,Critical Mult.,Cost,Acc.,Pjct. / Shot,Recoil,Refire,Indirect Fire,Ammo Category,Range Tag,Category,Weapon Type,Weapon Sub Type,Prefab ID,Weapon Effect ID,GUI Feature A,GUI Feature B,Specials Code,Icon Code,Maker Code,Weapon Model Name,Item Collection
,,,,,,Regular,Heat,Stability,Regular,Heat,Stability,,Min,Optimal,Max,,,,,,,,,,,,,,,,,,,,,,
Holdout Support Laser T1,1, ,0.0000,0 0 0.00000,1,5,0,0,5,0,0,1,0,0,50,2,1.7000,5020,0,1,0,0,FALSE,NotSet,short,Support,Laser,SmallLaser,Laser,Laser_Small,Stun Movement,Curse Range,STUN_3x5`0.85000 NERF_RANGE_2x8`25,Support,WS,Holdout Support Laser,weapon_energy_laser`3`9
Holdout Support Laser T2,2,,0.0000,1 0 0.00625,1,5,0,0,5,0,0,1,0,0,60,3,1.9000,6277,0,1,0,0,FALSE,NotSet,short,Support,Laser,SmallLaser,Laser,Laser_Small,Stun Movement,Curse Range,STUN_3x5`0.80000 NERF_RANGE_2x8`36,Support,WS,Holdout Support Laser,weapon_energy_laser`2`7
Holdout Support Laser T3,3,,0.0000,3 0 0.01768,1,6,0,0,6,0,0,1,0,0,70,4,2.1000,10028,0,1,0,0,FALSE,NotSet,short,Support,Laser,SmallLaser,Laser,Laser_Small,Stun Movement,Curse Range,STUN_3x5`0.75000 NERF_RANGE_2x8`48,Support,WS,Holdout Support Laser,weapon_energy_laser`2`5
Holdout Support Laser T4,4,,0.0000,7 0 0.03248,1,7,0,0,7,0,0,1,0,0,80,5,2.3000,16289,0,1,0,0,FALSE,NotSet,short,Support,Laser,SmallLaser,Laser,Laser_Small,Stun Movement,Curse Range,STUN_3x5`0.70000 NERF_RANGE_2x8`59,Support,WS,Holdout Support Laser,weapon_energy_laser_rare`2`4
Holdout Support Laser T5,5,,0.0000,12 0 0.05000,1,8,0,0,8,0,0,1,0,0,90,6,2.5000,25050,0,1,0,0,FALSE,NotSet,short,Support,Laser,SmallLaser,Laser,Laser_Small,Stun Movement,Curse Range,STUN_3x5`0.65000 NERF_RANGE_2x8`70,Support,WS,Holdout Support Laser,weapon_energy_laser_rare`2`2
,,,,,,,,,,,,,,,,,,,,,,,,,,,,,,,,,,,,,
,,,,,,,,,,,,,,,,,,,,,,,,,,,,,,,,,,,,,
,,,,,,,,,,,,,,,,,,,,,,,,,,,,,,,,,,,,,
"Autocannon, Defender",,,,,,,,,,,,,,,,,,,,,,,,,,,,,,,,,,,,,
,Type,Level,Tons,Drain,Slots,Damage / Shot,per,Attack,Total Damage,,,Shots,Range,,,Total Heat,Critical Mult.,Cost,Acc.,Pjct. / Shot,Recoil,Refire,Indirect Fire,Ammo Category,Range Tag,Category,Weapon Type,Weapon Sub Type,Prefab ID,Weapon Effect ID,GUI Feature A,GUI Feature B,Specials Code,Icon Code,Maker Code,Weapon Model Name,Item Collection
,,,,,,Regular,Heat,Stability,Regular,Heat,Stability,,Min,Optimal,Max,,,,,,,,,,,,,,,,,,,,,,
Defender AC T1,1, ,0.0625,0 0 0.00000,1,36,0,0,36,0,0,1,0,0,300,2,0.5000,5020,0,5,0,0,FALSE,DF_AC,medium,Support,AC,AC5,AC5,AC5_Ultra,,,,Support,WS,Enforcer Ultra-Kinetic Machine Gun,weapon_ballistic`3`9
Defender AC T2,2,,0.0625,1 0 0.00625,1,42,0,0,42,0,0,1,0,0,350,3,0.6000,6277,0,5,0,0,FALSE,DF_AC,medium,Support,AC,AC5,AC5,AC5_Ultra,,,,Support,WS,Enforcer Ultra-Kinetic Machine Gun,weapon_ballistic`2`7
Defender AC T3,3,,0.0625,3 0 0.01768,1,48,0,0,48,0,0,1,0,0,400,4,0.7000,10028,0,5,0,0,FALSE,DF_AC,medium,Support,AC,AC5,AC5,AC5_Ultra,,,,Support,WS,Enforcer Ultra-Kinetic Machine Gun,weapon_ballistic`1`5
Defender AC T4,4,,0.0625,7 0 0.03248,1,54,0,0,54,0,0,1,0,0,450,5,0.8000,16289,0,5,0,0,FALSE,DF_AC,medium,Support,AC,AC5,AC5,AC5_Ultra,,,,Support,WS,Enforcer Ultra-Kinetic Machine Gun,weapon_ballistic_rare`1`4
Defender AC T5,5,,0.0625,12 0 0.05000,1,60,0,0,60,0,0,1,0,0,500,6,0.9000,25050,0,5,0,0,FALSE,DF_AC,medium,Support,AC,AC5,AC5,AC5_Ultra,,,,Support,WS,Enforcer Ultra-Kinetic Machine Gun,weapon_ballistic_rare`1`3
